timestamp,gpu_util_pct,gpu_memory_used_mib,gpu_memory_total_mib,gpu_memory_util_pct,cpu_util_pct,memory_used_mib,memory_total_mib,memory_util_pct,gpu_power_w,gpu_temperature_c
1786558156.3989406,6.0,3084.0,16376.0,18.83243771372741,9.0,2779.12890625,30907.70703125,8.991701983715885,49.71,37.0
1786558157.4337754,15.0,3080.0,16376.0,18.80801172447484,3.4388314059646987,2886.09765625,30907.70703125,9.337792846722468,13.26,35.0
1786558158.4654002,17.0,3072.0,16376.0,18.75915974596971,3.260869565217391,2897.0859375,30907.70703125,9.373344760162343,11.31,35.0
1786558159.502913,26.0,3083.0,16376.0,18.826331216414268,9.016641452344931,2951.73828125,30907.70703125,9.5501690832826,10.91,35.0
1786558160.5454993,35.0,3083.0,16376.0,18.826331216414268,3.1287605294825513,3022.30078125,30907.70703125,9.778469746054693,10.36,34.0
1786558161.5916631,31.0,3083.0,16376.0,18.826331216414268,3.2083958020989507,3186.93359375,30907.70703125,10.311129164411232,10.16,34.0
1786558162.629631,96.0,3079.0,16376.0,18.8019052271617,4.299790982382801,3175.58984375,30907.70703125,10.274427153522717,29.61,34.0
1786558163.6614833,99.0,3071.0,16376.0,18.75305324865657,3.5467388037270813,3182.390625,30907.70703125,10.296430666248925,100.49,40.0
1786558164.6883922,99.0,3081.0,16376.0,18.814118221787982,3.2394792612776264,3178.53515625,30907.70703125,10.28395653238289,100.1,41.0
1786558165.7191117,99.0,3081.0,16376.0,18.814118221787982,3.1953743152769323,3179.3828125,30907.70703125,10.286699072452727,98.24,40.0
1786558166.7499309,99.0,3081.0,16376.0,18.814118221787982,3.3343437405274328,3195.9765625,30907.70703125,10.340387137967333,96.57,41.0
1786558167.7808099,99.0,3079.0,16376.0,18.8019052271617,3.1837477258944813,3201.859375,30907.70703125,10.359420618820675,97.27,41.0
1786558168.8073525,99.0,3071.0,16376.0,18.75305324865657,3.213094877235526,3202.3359375,30907.70703125,10.360962507707864,99.16,41.0
1786558169.8362865,99.0,3081.0,16376.0,18.814118221787982,3.225806451612903,3200.5078125,30907.70703125,10.355047720829138,96.48,39.0
1786558170.8668413,99.0,3081.0,16376.0,18.814118221787982,3.2776934749620636,3188.82421875,30907.70703125,10.317246166225985,96.26,41.0
1786558171.8958275,99.0,3081.0,16376.0,18.814118221787982,3.330305782621859,3185.8984375,30907.70703125,10.307779979533322,96.37,41.0
1786558172.9276245,100.0,3079.0,16376.0,18.8019052271617,3.218949286365017,3199.55078125,30907.70703125,10.351951304621256,97.04,41.0
1786558173.9568422,100.0,3071.0,16376.0,18.75305324865657,3.210175651120533,3201.87890625,30907.70703125,10.359483810988182,94.82,40.0
1786558174.9841797,96.0,3081.0,16376.0,18.814118221787982,3.3353547604608855,3194.51171875,30907.70703125,10.33564772540425,95.17,40.0
1786558176.0121775,99.0,3081.0,16376.0,18.814118221787982,3.1649421789409615,3179.64453125,30907.70703125,10.28754584749733,94.17,41.0
1786558177.0402431,99.0,3081.0,16376.0,18.814118221787982,3.3424491036159223,3175.51953125,30907.70703125,10.27419966171969,94.31,41.0
1786558178.0703595,93.0,3079.0,16376.0,18.8019052271617,3.282674772036474,3181.68359375,30907.70703125,10.294143109785143,77.69,38.0
1786558179.0983553,98.0,3071.0,16376.0,18.75305324865657,3.48168331819558,3180.18359375,30907.70703125,10.289289951320546,66.01,38.0
1786558180.1335742,97.0,3081.0,16376.0,18.814118221787982,3.1924597141988444,3182.546875,30907.70703125,10.296936203588986,66.34,38.0
1786558181.160252,98.0,3087.0,16376.0,18.85075720566683,3.2004830917874396,3180.25390625,30907.70703125,10.289517443123573,66.4,38.0
1786558182.1910725,90.0,3089.0,16376.0,18.862970200293113,3.2846715328467155,3191.03515625,30907.70703125,10.324399519587866,66.38,38.0
1786558183.2189689,98.0,3089.0,16376.0,18.862970200293113,3.213094877235526,3188.4921875,30907.70703125,10.316171899378352,66.27,38.0
1786558184.2491748,98.0,3093.0,16376.0,18.887396189545676,3.2522796352583585,3182.5859375,30907.70703125,10.297062587924003,66.04,38.0
1786558185.276914,98.0,3095.0,16376.0,18.899609184171958,3.304031524704456,3182.546875,30907.70703125,10.296936203588986,65.76,38.0
1786558186.3090084,98.0,3095.0,16376.0,18.899609184171958,3.2522796352583585,3194.6953125,30907.70703125,10.336241731778822,65.65,38.0
1786558187.3378851,86.0,3097.0,16376.0,18.91182217879824,3.47537020247809,3183.87890625,30907.70703125,10.301245909413016,65.17,37.0
1786558188.370561,98.0,3097.0,16376.0,18.91182217879824,3.2199270959902795,3166.68359375,30907.70703125,10.245611525139172,65.36,38.0
1786558189.397711,97.0,3101.0,16376.0,18.936248168050806,3.2960387057756275,3162.7734375,30907.70703125,10.232960453204115,65.54,37.0
1786558190.4312398,84.0,3105.0,16376.0,18.96067415730337,3.253268470659775,3155.0859375,30907.70703125,10.208088016073054,65.56,37.0
1786558191.4598138,83.0,3107.0,16376.0,18.972887151929655,3.176043557168784,3153.5546875,30907.70703125,10.203133750140445,65.67,37.0
1786558192.4954364,98.0,3109.0,16376.0,18.985100146555936,3.2493167324628,3159.7109375,30907.70703125,10.223051921338895,66.08,37.0
1786558193.5291183,97.0,3111.0,16376.0,18.997313141182218,3.4087481146304675,3164.0546875,30907.70703125,10.237105859392624,65.68,37.0
1786558194.5569282,80.0,3115.0,16376.0,19.021739130434785,3.2638259292837715,3165.046875,30907.70703125,10.24031602150202,65.39,37.0
1786558195.5849466,97.0,3119.0,16376.0,19.04616511968735,3.2816773017319965,3164.6640625,30907.70703125,10.239077455018867,65.54,37.0
1786558196.6185613,97.0,3121.0,16376.0,19.05837811431363,3.1630170316301705,3162.27734375,30907.70703125,10.231355372149418,65.68,37.0
1786558197.6501744,80.0,3125.0,16376.0,19.082804103566193,3.354487760652765,3172.0546875,30907.70703125,10.26298937120381,65.29,37.0
1786558198.6772337,77.0,3125.0,16376.0,19.082804103566193,3.210175651120533,3177.83984375,30907.70703125,10.281706891219612,65.42,37.0
1786558199.7089045,97.0,3129.0,16376.0,19.107230092818757,3.31306990881459,3161.14453125,30907.70703125,10.227690226433966,65.2,37.0
1786558200.7459948,95.0,3135.0,16376.0,19.143869076697605,3.2404603270745005,3164.83203125,30907.70703125,10.239620907659434,65.44,37.0
1786558201.7761853,97.0,3137.0,16376.0,19.156082071323887,3.2238626092196445,3160.578125,30907.70703125,10.225857653576242,65.4,37.0
1786558202.805384,98.0,3124.0,16376.0,19.076697606253052,3.1866464339908953,3172.82421875,30907.70703125,10.265479142603615,65.01,37.0
1786558203.8354218,74.0,3129.0,16376.0,19.107230092818757,3.248330297510625,3168.27734375,30907.70703125,10.250768006007807,64.69,37.0
1786558204.8645778,99.0,3139.0,16376.0,19.168295065950172,3.245374582954201,3162.80859375,30907.70703125,10.233074199105628,82.29,40.0
1786558205.8927534,99.0,3139.0,16376.0,19.168295065950172,3.1885818402672337,3152.08203125,30907.70703125,10.198369060710357,94.73,40.0
1786558206.9258945,99.0,3139.0,16376.0,19.168295065950172,3.634161114476075,3143.734375,30907.70703125,10.171360728317536,94.68,40.0
1786558207.9531393,100.0,3137.0,16376.0,19.156082071323887,3.206291591046582,3140.86328125,30907.70703125,10.162071479693893,95.93,40.0
1786558208.981456,100.0,3129.0,16376.0,19.107230092818757,3.7855844942459114,3135.68359375,30907.70703125,10.14531291687083,98.5,41.0
1786558210.0147932,99.0,3139.0,16376.0,19.168295065950172,3.2209054998480706,3140.3515625,30907.70703125,10.160415844905188,98.94,41.0
1786558211.0419505,100.0,3139.0,16376.0,19.168295065950172,3.234582829504232,3134.046875,30907.70703125,10.140017413233679,98.68,41.0
1786558212.0688171,99.0,3139.0,16376.0,19.168295065950172,3.223844282238443,3140.91796875,30907.70703125,10.162248417762914,99.08,41.0
1786558213.0960648,99.0,3137.0,16376.0,19.156082071323887,3.1953743152769323,3139.8046875,30907.70703125,10.158646464214971,98.7,41.0
1786558214.1239836,99.0,3139.0,16376.0,19.168295065950172,3.2248250684514757,3131.0703125,30907.70703125,10.130386926905494,97.21,41.0
1786558215.1505594,99.0,3139.0,16376.0,19.168295065950172,3.1924597141988444,3129.03515625,30907.70703125,10.123802303051182,99.05,41.0
1786558216.1773524,99.0,3139.0,16376.0,19.168295065950172,3.1963470319634704,3129.45703125,30907.70703125,10.125167253869352,98.45,41.0
1786558217.204598,99.0,3139.0,16376.0,19.168295065950172,3.550834597875569,3133.1796875,30907.70703125,10.137211680996334,98.49,41.0
1786558218.2312098,99.0,3124.0,16376.0,19.076697606253052,3.223844282238443,3134.0,30907.70703125,10.13986575203166,98.47,41.0
1786558219.2584665,99.0,3139.0,16376.0,19.168295065950172,3.2248250684514757,3132.41015625,30907.70703125,10.134721909596527,98.3,41.0
1786558220.285246,99.0,3139.0,16376.0,19.168295065950172,3.1953743152769323,3142.8046875,30907.70703125,10.168352781144165,96.83,41.0
1786558221.3118076,99.0,3139.0,16376.0,19.168295065950172,3.2542579075425793,3142.5703125,30907.70703125,10.167594475134072,98.19,41.0
1786558222.3433058,99.0,3139.0,16376.0,19.168295065950172,3.225806451612903,3138.49609375,30907.70703125,10.15441258899195,98.97,41.0
1786558223.3753853,99.0,3137.0,16376.0,19.156082071323887,3.2717358376249623,3141.59375,30907.70703125,10.164434866758683,99.18,41.0
1786558224.4018652,99.0,3139.0,16376.0,19.168295065950172,3.38777979431337,3141.234375,30907.70703125,10.163272130876539,99.31,41.0
1786558225.4292004,99.0,3139.0,16376.0,19.168295065950172,3.226788432267884,3146.015625,30907.70703125,10.178741573482442,98.53,41.0
1786558226.4617112,99.0,3139.0,16376.0,19.168295065950172,3.22286409242931,3147.3515625,30907.70703125,10.183063917739975,94.79,41.0
1786558227.492488,99.0,3137.0,16376.0,19.156082071323887,3.6199095022624435,3143.38671875,30907.70703125,10.170235907735897,94.86,41.0
1786558228.5281448,95.0,3129.0,16376.0,19.107230092818757,3.154382772217167,3156.73828125,30907.70703125,10.213434073444212,93.13,41.0
1786558229.5620632,97.0,3139.0,16376.0,19.168295065950172,3.316249623153452,3149.90625,30907.70703125,10.191329453249992,65.54,38.0
1786558230.5915532,98.0,3139.0,16376.0,19.168295065950172,3.173164097914778,3153.89453125,30907.70703125,10.20423329385508,65.83,38.0
1786558231.6308086,98.0,3139.0,16376.0,19.168295065950172,3.2473444613050075,3152.3359375,30907.70703125,10.19919055888796,65.81,38.0
1786558232.6668403,98.0,3137.0,16376.0,19.156082071323887,3.159795365633464,3154.9375,30907.70703125,10.207607755599996,65.69,38.0
1786558233.695712,90.0,3129.0,16376.0,19.107230092818757,3.285111512959614,3153.67578125,30907.70703125,10.203525541578992,65.61,38.0
1786558234.7232392,97.0,3139.0,16376.0,19.168295065950172,3.2493167324628,3155.7109375,30907.70703125,10.210110165433303,66.0,38.0
1786558235.7514052,97.0,3139.0,16376.0,19.168295065950172,3.1345100426049908,3156.6640625,30907.70703125,10.213193943207683,65.58,38.0
1786558236.779317,98.0,3139.0,16376.0,19.168295065950172,3.4294385432473447,3149.11328125,30907.70703125,10.188763851249176,65.5,38.0
1786558237.80675,87.0,3137.0,16376.0,19.156082071323887,3.1934306569343067,3152.7265625,30907.70703125,10.200454402238115,65.35,37.0
1786558238.8395927,97.0,3124.0,16376.0,19.076697606253052,3.551912568306011,3158.76953125,30907.70703125,10.220006058865021,65.31,38.0
1786558239.8735182,98.0,3139.0,16376.0,19.168295065950172,3.266787658802178,3160.52734375,30907.70703125,10.22569335394072,65.63,37.0
1786558240.9058197,98.0,3139.0,16376.0,19.168295065950172,3.203384708371109,3163.5546875,30907.70703125,10.235488139904426,65.26,37.0
1786558241.9330807,83.0,3139.0,16376.0,19.168295065950172,3.2980332829046897,3153.99609375,30907.70703125,10.20456189312612,65.33,37.0
1786558242.960007,98.0,3128.0,16376.0,19.101123595505616,3.2542579075425793,3150.54296875,30907.70703125,10.193389517910747,65.25,37.0
1786558243.9872668,98.0,3129.0,16376.0,19.107230092818757,3.1953743152769323,3151.80078125,30907.70703125,10.197459093498248,64.71,37.0
1786558245.01587,83.0,3139.0,16376.0,19.168295065950172,3.1953743152769323,3150.53125,30907.70703125,10.19335160261024,64.98,37.0
1786558246.0440602,81.0,3139.0,16376.0,19.168295065950172,3.2493167324628,3151.5546875,30907.70703125,10.196662872187648,65.24,37.0
1786558247.0714595,98.0,3139.0,16376.0,19.168295065950172,3.4880194115862904,3151.19140625,30907.70703125,10.195487497872003,65.33,37.0
1786558248.103843,98.0,3137.0,16376.0,19.156082071323887,3.2542579075425793,3157.44140625,30907.70703125,10.215708991474493,65.17,37.0
1786558249.132552,79.0,3139.0,16376.0,19.168295065950172,3.208232445520581,3155.26171875,30907.70703125,10.208656745580624,65.14,37.0
1786558250.1602254,98.0,3139.0,16376.0,19.168295065950172,3.2493167324628,3154.12890625,30907.70703125,10.204991599865174,65.43,37.0
1786558251.1874428,98.0,3139.0,16376.0,19.168295065950172,3.223844282238443,3152.0390625,30907.70703125,10.19823003794184,65.12,37.0
1786558252.2161074,81.0,3137.0,16376.0,19.156082071323887,3.28367284889024,3152.54296875,30907.70703125,10.199860395863542,65.39,37.0
1786558253.2444046,98.0,3129.0,16376.0,19.107230092818757,3.280680437424058,3150.19921875,30907.70703125,10.19227733576261,65.3,37.0
1786558254.2737682,98.0,3139.0,16376.0,19.168295065950172,3.3707865168539324,3147.51953125,30907.70703125,10.18360737038054,65.31,37.0
1786558255.300496,76.0,3143.0,16376.0,19.192721055202735,3.3070388349514563,3139.3203125,30907.70703125,10.157079298460777,66.97,37.0
1786558256.327696,99.0,3143.0,16376.0,19.192721055202735,3.1953743152769323,3136.46875,30907.70703125,10.147853242004642,93.4,40.0
1786558257.3540902,99.0,3141.0,16376.0,19.180508060576454,3.3444816053511706,3152.23046875,30907.70703125,10.198849321183417,95.15,40.0
1786558258.380126,99.0,3128.0,16376.0,19.101123595505616,3.2856708244599937,3137.484375,30907.70703125,10.151139234715046,94.14,40.0
1786558259.409011,99.0,3143.0,16376.0,19.192721055202735,3.1687995124923827,3142.6953125,30907.70703125,10.167998905006122,96.58,40.0
1786558260.4390566,99.0,3143.0,16376.0,19.192721055202735,3.18955042527339,3144.0390625,30907.70703125,10.172346526130656,98.59,41.0
1786558261.466,99.0,3143.0,16376.0,19.192721055202735,3.2150439793751895,3139.9609375,30907.70703125,10.159152001555032,98.81,41.0
1786558262.492461,99.0,3128.0,16376.0,19.101123595505616,3.1953743152769323,3154.890625,30907.70703125,10.207456094397976,98.6,41.0
1786558263.5250473,99.0,3133.0,16376.0,19.131656082071324,3.225806451612903,3138.578125,30907.70703125,10.154677996095481,98.5,41.0
1786558264.558828,85.0,3143.0,16376.0,19.192721055202735,3.2394792612776264,3131.69921875,30907.70703125,10.132421714699245,98.42,41.0
1786558265.586139,99.0,3143.0,16376.0,19.192721055202735,3.2326283987915407,3133.91015625,30907.70703125,10.139575068061124,98.78,41.0
1786558266.6135828,99.0,3143.0,16376.0,19.192721055202735,3.253268470659775,3135.5625,30907.70703125,10.144921125432283,98.73,41.0
1786558267.6421704,100.0,3143.0,16376.0,19.192721055202735,3.3718104495747268,3134.41015625,30907.70703125,10.141192787549324,98.34,41.0
1786558268.6767821,100.0,3141.0,16376.0,19.180508060576454,3.400121432908318,3135.62890625,30907.70703125,10.14513597880181,98.75,41.0
1786558269.7100224,99.0,3143.0,16376.0,19.192721055202735,3.259885300332025,3133.24609375,30907.70703125,10.13742653436586,98.84,41.0
1786558270.7447681,99.0,3143.0,16376.0,19.192721055202735,3.235560931357726,3137.94140625,30907.70703125,10.15261793143473,98.21,41.0
1786558271.7733338,99.0,3143.0,16376.0,19.192721055202735,3.2014497130776203,3140.3984375,30907.70703125,10.160567506107206,99.35,41.0
1786558272.8056128,99.0,3141.0,16376.0,19.180508060576454,3.1905195989061075,3140.15625,30907.70703125,10.15978392323011,99.53,40.0
1786558273.835452,99.0,3133.0,16376.0,19.131656082071324,3.178928247048138,3139.96484375,30907.70703125,10.159164639988534,98.04,40.0
1786558274.8636413,99.0,3143.0,16376.0,19.192721055202735,3.304031524704456,3143.41015625,30907.70703125,10.170311738336906,97.98,41.0
1786558275.8951633,99.0,3143.0,16376.0,19.192721055202735,3.1914893617021276,3143.94140625,30907.70703125,10.172030565293118,98.71,41.0
1786558276.922693,99.0,3143.0,16376.0,19.192721055202735,3.3615990308903694,3139.63671875,30907.70703125,10.158103011574404,95.92,41.0
1786558277.9504662,99.0,3141.0,16376.0,19.180508060576454,3.22286409242931,3144.54296875,30907.70703125,10.173976884052358,95.0,41.0
1786558278.977962,99.0,3133.0,16376.0,19.131656082071324,3.221884498480243,3136.86328125,30907.70703125,10.1491297237883,94.94,41.0
1786558280.0103412,98.0,3143.0,16376.0,19.192721055202735,3.3707865168539324,3140.05078125,30907.70703125,10.159442685525569,78.71,38.0
1786558281.0400918,92.0,3143.0,16376.0,19.192721055202735,3.150560436231445,3141.3046875,30907.70703125,10.163499622679568,66.12,38.0
1786558282.0674498,98.0,3143.0,16376.0,19.192721055202735,3.2169954476479514,3139.265625,30907.70703125,10.156902360391756,66.08,38.0
1786558283.10073,98.0,3133.0,16376.0,19.131656082071324,3.223844282238443,3137.46875,30907.70703125,10.15108868098104,66.29,38.0
1786558284.1285863,90.0,3143.0,16376.0,19.192721055202735,3.532608695652174,3135.2109375,30907.70703125,10.143783666417141,66.46,38.0
1786558285.1564386,89.0,3143.0,16376.0,19.192721055202735,3.2522796352583585,3134.47265625,30907.70703125,10.141395002485348,66.35,38.0
1786558286.1830635,97.0,3143.0,16376.0,19.192721055202735,3.1934306569343067,3135.58984375,30907.70703125,10.145009594466794,65.77,38.0
1786558287.2100465,98.0,3143.0,16376.0,19.192721055202735,3.316093702464253,3140.0390625,30907.70703125,10.159404770225064,65.56,38.0
1786558288.23752,97.0,3141.0,16376.0,19.180508060576454,3.255247946455735,3139.4375,30907.70703125,10.157458451465825,65.77,37.0
1786558289.2643783,86.0,3143.0,16376.0,19.192721055202735,3.2816773017319965,3141.515625,30907.70703125,10.164182098088652,65.65,37.0
1786558290.2904427,97.0,3143.0,16376.0,19.192721055202735,3.3140772271207055,3145.38671875,30907.70703125,10.176706785688692,65.65,37.0
1786558291.3186245,97.0,3143.0,16376.0,19.192721055202735,3.2856708244599937,3147.5234375,30907.70703125,10.183620008814044,65.65,37.0
1786558292.3484867,88.0,3141.0,16376.0,19.180508060576454,3.280680437424058,3154.25390625,30907.70703125,10.205396029737223,65.58,37.0
1786558293.377999,88.0,3133.0,16376.0,19.131656082071324,3.275705186533212,3153.30859375,30907.70703125,10.202337528829847,65.31,37.0
1786558294.4078243,98.0,3143.0,16376.0,19.192721055202735,3.246359223300971,3155.77734375,30907.70703125,10.210325018802829,65.24,37.0
1786558295.4359996,98.0,3143.0,16376.0,19.192721055202735,3.246359223300971,3151.41796875,30907.70703125,10.196220527015095,65.39,37.0
1786558296.4618907,85.0,3143.0,16376.0,19.192721055202735,3.221884498480243,3147.91796875,30907.70703125,10.1848964905977,65.6,37.0
1786558297.4959304,98.0,3141.0,16376.0,19.180508060576454,3.554070473876063,3154.5859375,30907.70703125,10.206470296584854,65.7,37.0
1786558298.524544,97.0,3128.0,16376.0,19.101123595505616,3.235560931357726,3156.109375,30907.70703125,10.211399285650462,65.28,37.0
1786558299.551094,79.0,3143.0,16376.0,19.192721055202735,3.399089529590288,3153.671875,30907.70703125,10.20351290314549,65.15,37.0
1786558300.5787885,98.0,3143.0,16376.0,19.192721055202735,3.197320341047503,3154.16796875,30907.70703125,10.20511798420019,65.3,37.0
1786558301.6070492,98.0,3143.0,16376.0,19.192721055202735,3.2522796352583585,3157.5625,30907.70703125,10.21610078291304,65.12,37.0
1786558302.635375,97.0,3158.0,16376.0,19.284318514899855,3.2796841785605833,3154.640625,30907.70703125,10.206647234653877,64.57,37.0
1786558303.6640422,91.0,3159.0,16376.0,19.290425012212996,3.3100516246583664,3150.33203125,30907.70703125,10.192707042501661,64.62,37.0
1786558304.696102,97.0,3166.0,16376.0,19.33317049340498,3.6363636363636362,3154.640625,30907.70703125,10.206647234653877,64.53,37.0
1786558305.7246268,75.0,3153.0,16376.0,19.253786028334147,3.2687651331719128,3155.4375,30907.70703125,10.209225475088195,64.63,37.0
1786558306.7527833,99.0,3150.0,16376.0,19.235466536394725,3.2209054998480706,3157.0703125,30907.70703125,10.214508340291845,79.1,40.0
1786558307.785069,99.0,3150.0,16376.0,19.235466536394725,3.45873786407767,3173.13671875,30907.70703125,10.26649021728374,94.68,40.0
1786558308.8126955,99.0,3150.0,16376.0,19.235466536394725,3.208232445520581,3176.00390625,30907.70703125,10.27576682747388,95.12,40.0
1786558309.840144,100.0,3148.0,16376.0,19.223253541768443,3.3434650455927053,3173.1953125,30907.70703125,10.266679793786263,95.65,40.0
1786558310.866556,100.0,3138.0,16376.0,19.162188568637028,3.461888855147282,3154.97265625,30907.70703125,10.207721501501508,98.96,40.0
1786558311.892909,99.0,3133.0,16376.0,19.131656082071324,3.2248250684514757,3166.34375,30907.70703125,10.244511981424536,98.87,41.0
1786558312.9224513,100.0,3133.0,16376.0,19.131656082071324,3.197320341047503,3162.76171875,30907.70703125,10.23292253790361,99.9,41.0
1786558313.9517148,100.0,3133.0,16376.0,19.131656082071324,3.1876138433515484,3161.32421875,30907.70703125,10.228271594375038,98.57,41.0
1786558314.9830325,100.0,3133.0,16376.0,19.131656082071324,3.217972070431087,3159.55078125,30907.70703125,10.222533745565332,98.96,41.0
1786558316.0101037,100.0,3133.0,16376.0,19.131656082071324,3.2414419872765827,3147.77734375,30907.70703125,10.184441506991645,96.98,41.0
1786558317.0377893,100.0,3133.0,16376.0,19.131656082071324,3.549757281553398,3154.78125,30907.70703125,10.207102218259934,98.42,41.0
1786558318.0661423,99.0,3133.0,16376.0,19.131656082071324,3.163979312442957,3150.08984375,30907.70703125,10.191923459624565,98.62,41.0
1786558319.0974317,100.0,3194.0,16376.0,19.504152418172936,3.2209054998480706,3155.84765625,30907.70703125,10.210552510605858,97.98,40.0
1786558320.126255,100.0,3191.0,16376.0,19.485832926233513,3.2111481369282036,3152.21484375,30907.70703125,10.19879876744941,97.38,40.0
1786558321.1566467,100.0,3189.0,16376.0,19.47361993160723,3.3090467516697024,3148.59765625,30907.70703125,10.187095578026971,97.0,41.0
1786558322.188519,100.0,3181.0,16376.0,19.4247679531021,3.2434070930585026,3148.4609375,30907.70703125,10.186653232854418,96.92,41.0
1786558323.2158773,99.0,3181.0,16376.0,19.4247679531021,3.210175651120533,3149.6171875,30907.70703125,10.190394209170877,98.08,41.0
1786558324.2427185,100.0,3172.0,16376.0,19.36980947728383,3.223844282238443,3138.4921875,30907.70703125,10.15439995055845,98.67,41.0
1786558325.26912,100.0,3171.0,16376.0,19.36370297997069,3.1953743152769323,3131.01171875,30907.70703125,10.13019735040297,97.32,41.0
1786558326.2958722,99.0,3166.0,16376.0,19.33317049340498,3.225806451612903,3131.7890625,30907.70703125,10.13271239866978,97.01,41.0
1786558327.3224401,99.0,3166.0,16376.0,19.33317049340498,3.6396724294813465,3147.76953125,30907.70703125,10.184416230124642,96.69,41.0
1786558328.349937,99.0,3159.0,16376.0,19.290425012212996,3.166869671132765,3154.56640625,30907.70703125,10.206407104417348,94.67,41.0
1786558329.3763924,99.0,3156.0,16376.0,19.272105520273573,3.22286409242931,3156.03125,30907.70703125,10.211146516980431,94.57,41.0
1786558330.40362,97.0,3147.0,16376.0,19.217147044455302,3.226788432267884,3154.91796875,30907.70703125,10.207544563432487,85.53,41.0
1786558331.4318945,97.0,3147.0,16376.0,19.217147044455302,3.403220905499848,3163.51953125,30907.70703125,10.235374394002912,65.08,38.0
1786558332.460265,91.0,3147.0,16376.0,19.217147044455302,3.4597875569044008,3170.5390625,30907.70703125,10.258085659005205,64.72,38.0
1786558333.4961326,90.0,3142.0,16376.0,19.186614557889595,3.250303766707169,3166.57421875,30907.70703125,10.245257649001127,64.68,38.0
1786558334.530874,98.0,3145.0,16376.0,19.204934049829017,3.285111512959614,3154.11328125,30907.70703125,10.204941046131168,64.75,38.0
1786558335.5573218,97.0,3145.0,16376.0,19.204934049829017,3.2316520688613712,3168.37890625,30907.70703125,10.251096605278846,65.05,37.0
1786558336.5887718,88.0,3145.0,16376.0,19.204934049829017,3.2856708244599937,3158.34375,30907.70703125,10.218628469613352,64.94,37.0
1786558337.617735,88.0,3145.0,16376.0,19.204934049829017,3.5649546827794563,3147.44140625,30907.70703125,10.18335460171051,64.94,37.0
1786558338.6522775,87.0,3142.0,16376.0,19.186614557889595,3.248330297510625,3143.421875,30907.70703125,10.17034965363741,64.99,37.0
1786558339.6883545,97.0,3145.0,16376.0,19.204934049829017,3.260869565217391,3138.09765625,30907.70703125,10.15312346877479,65.23,37.0
1786558340.7203887,97.0,3145.0,16376.0,19.204934049829017,3.285111512959614,3134.921875,30907.70703125,10.142848422338027,65.05,37.0
1786558341.7519815,84.0,3145.0,16376.0,19.204934049829017,3.2687651331719128,3130.0390625,30907.70703125,10.127050380461084,65.02,37.0
1786558342.7861369,97.0,3145.0,16376.0,19.204934049829017,3.2990314769975786,3130.890625,30907.70703125,10.129805558964422,64.83,37.0
1786558343.8157353,98.0,3134.0,16376.0,19.137762579384464,3.261854424645122,3136.5234375,30907.70703125,10.148030180073665,65.03,37.0
1786558344.842192,98.0,3145.0,16376.0,19.204934049829017,3.2766990291262137,3131.7421875,30907.70703125,10.132560737467761,64.61,37.0
1786558345.873807,82.0,3145.0,16376.0,19.204934049829017,3.167834297898264,3136.3203125,30907.70703125,10.147372981531584,64.66,37.0
1786558346.9026132,98.0,3145.0,16376.0,19.204934049829017,3.654485049833887,3136.3046875,30907.70703125,10.147322427797576,64.65,37.0
1786558347.9305062,98.0,3143.0,16376.0,19.192721055202735,3.484848484848485,3141.015625,30907.70703125,10.162564378600452,64.41,37.0
1786558348.9607942,80.0,3131.0,16376.0,19.119443087445042,3.22286409242931,3153.1171875,30907.70703125,10.201718245588271,64.04,37.0
1786558349.9926357,98.0,3142.0,16376.0,19.186614557889595,3.303030303030303,3154.484375,30907.70703125,10.206141697313814,64.55,37.0
1786558351.0207887,98.0,3142.0,16376.0,19.186614557889595,3.210175651120533,3139.078125,30907.70703125,10.156295715583681,64.88,37.0
1786558352.0533674,97.0,3142.0,16376.0,19.186614557889595,3.280680437424058,3133.80078125,30907.70703125,10.13922119192308,64.4,37.0
1786558353.092462,78.0,3139.0,16376.0,19.168295065950172,3.178928247048138,3145.80859375,30907.70703125,10.17807173650686,64.5,37.0
1786558354.122851,98.0,3142.0,16376.0,19.186614557889595,3.1588447653429603,3150.29296875,30907.70703125,10.192580658166646,64.73,37.0
1786558355.156287,91.0,3142.0,16376.0,19.186614557889595,3.2150439793751895,3147.9765625,30907.70703125,10.185086067100224,64.15,37.0
1786558356.182499,98.0,3142.0,16376.0,19.186614557889595,3.264812575574365,3161.8125,30907.70703125,10.229851398562733,63.8,37.0
1786558357.2103498,99.0,3142.0,16376.0,19.186614557889595,3.6407766990291264,3150.859375,30907.70703125,10.194413231024372,78.32,37.0
1786558358.2379541,100.0,3139.0,16376.0,19.168295065950172,3.1924597141988444,3149.82421875,30907.70703125,10.19106404614646,94.92,40.0
1786558359.2654085,99.0,3142.0,16376.0,19.186614557889595,3.22286409242931,3146.46875,30907.70703125,10.180207631768623,94.57,40.0
1786558360.2973828,99.0,3142.0,16376.0,19.186614557889595,3.28367284889024,3160.91015625,30907.70703125,10.226931920423873,94.07,40.0
1786558361.3264284,99.0,3142.0,16376.0,19.186614557889595,3.2404603270745005,3168.54296875,30907.70703125,10.251627419485912,99.05,41.0
1786558362.3551664,99.0,3142.0,16376.0,19.186614557889595,3.543307086614173,3170.53515625,30907.70703125,10.258073020571706,98.51,41.0
1786558363.3894649,100.0,3140.0,16376.0,19.174401563263313,3.160133697964145,3168.12109375,30907.70703125,10.250262468667744,98.43,41.0
1786558364.4206915,99.0,3142.0,16376.0,19.186614557889595,3.2316520688613712,3168.15234375,30907.70703125,10.250363576135756,97.59,41.0
1786558365.451108,99.0,3142.0,16376.0,19.186614557889595,3.1837477258944813,3168.53125,30907.70703125,10.251589504185407,97.15,41.0
1786558366.4878306,99.0,3142.0,16376.0,19.186614557889595,3.2737193088814793,3167.234375,30907.70703125,10.247393544262891,95.69,41.0
1786558367.5171535,99.0,3142.0,16376.0,19.186614557889595,3.285111512959614,3167.72265625,30907.70703125,10.248973348450585,98.44,41.0
1786558368.5460916,99.0,3139.0,16376.0,19.168295065950172,3.1885818402672337,3157.63671875,30907.70703125,10.21634091314957,98.14,41.0
1786558369.579144,99.0,3142.0,16376.0,19.186614557889595,3.18955042527339,3159.90234375,30907.70703125,10.223671204580471,98.04,41.0
1786558370.6137288,100.0,3142.0,16376.0,19.186614557889595,3.235560931357726,3173.83984375,30907.70703125,10.26876513531402,98.46,41.0
1786558371.6426156,100.0,3142.0,16376.0,19.186614557889595,3.258901629450815,3170.57421875,30907.70703125,10.25819940490672,97.44,41.0
1786558372.6753244,100.0,3142.0,16376.0,19.186614557889595,3.2493167324628,3177.56640625,30907.70703125,10.280822200874503,96.81,40.0
1786558373.7042089,99.0,3139.0,16376.0,19.168295065950172,3.2072617246596065,3171.9765625,30907.70703125,10.262736602533778,98.15,41.0
1786558374.7320251,99.0,3142.0,16376.0,19.186614557889595,3.18955042527339,3178.74609375,30907.70703125,10.284639007791974,98.12,41.0
1786558375.7644708,99.0,3142.0,16376.0,19.186614557889595,3.221884498480243,3178.796875,30907.70703125,10.284803307427493,98.32,40.0
1786558376.792208,99.0,3142.0,16376.0,19.186614557889595,3.6511768255884127,3167.2421875,30907.70703125,10.247418821129893,98.25,40.0
1786558377.8200192,93.0,3142.0,16376.0,19.186614557889595,3.3140772271207055,3152.45703125,30907.70703125,10.199582350326509,97.12,41.0
1786558378.8474154,99.0,3139.0,16376.0,19.168295065950172,3.1924597141988444,3158.24609375,30907.70703125,10.218312508775812,94.08,40.0
1786558379.8750134,99.0,3142.0,16376.0,19.186614557889595,3.223844282238443,3155.4375,30907.70703125,10.209225475088195,94.75,40.0
1786558380.902178,99.0,3142.0,16376.0,19.186614557889595,3.2522796352583585,3157.1640625,30907.70703125,10.214811662695881,92.25,40.0
1786558381.930517,98.0,3142.0,16376.0,19.186614557889595,3.253268470659775,3157.2578125,30907.70703125,10.215114985099918,65.35,38.0
1786558382.9624,98.0,3140.0,16376.0,19.174401563263313,3.280680437424058,3158.015625,30907.70703125,10.21756684119922,64.61,37.0
1786558383.989998,92.0,3131.0,16376.0,19.119443087445042,3.2394792612776264,3158.94140625,30907.70703125,10.220562149939088,65.17,37.0
1786558385.015884,98.0,3142.0,16376.0,19.186614557889595,3.2522796352583585,3164.96875,30907.70703125,10.240063252831987,64.96,37.0
1786558386.0425754,90.0,3142.0,16376.0,19.186614557889595,3.19926873857404,3161.3515625,30907.70703125,10.228360063409548,64.83,37.0
1786558387.078722,98.0,3142.0,16376.0,19.186614557889595,3.4933171324422845,3160.87890625,30907.70703125,10.22683081295586,65.1,37.0
1786558388.1063898,98.0,3139.0,16376.0,19.168295065950172,3.226779252110977,3174.38671875,30907.70703125,10.270534516004238,64.88,37.0
1786558389.1374876,98.0,3142.0,16376.0,19.186614557889595,3.2816773017319965,3186.1171875,30907.70703125,10.308487731809409,64.6,37.0
1786558390.1693525,87.0,3142.0,16376.0,19.186614557889595,3.242424242424242,3188.203125,30907.70703125,10.315236655299238,64.28,37.0
1786558391.19987,85.0,3142.0,16376.0,19.186614557889595,3.210175651120533,3184.1953125,30907.70703125,10.302269622526643,64.46,37.0
1786558392.2265556,97.0,3142.0,16376.0,19.186614557889595,3.395997574287447,3168.6171875,30907.70703125,10.25186754972244,65.07,37.0
1786558393.2523599,97.0,3139.0,16376.0,19.168295065950172,3.255247946455735,3156.59765625,30907.70703125,10.212979089838155,65.33,37.0
1786558394.279505,83.0,3168.0,16376.0,19.345383488031263,3.19926873857404,3155.35546875,30907.70703125,10.20896006798466,65.12,37.0
1786558395.3069568,97.0,3178.0,16376.0,19.406448461162675,3.2248250684514757,3163.01171875,30907.70703125,10.23373139764771,64.91,37.0
1786558396.3336167,97.0,3174.0,16376.0,19.382022471910112,3.5529911934406315,3158.53125,30907.70703125,10.219235114421425,64.85,37.0
1786558397.365375,81.0,3174.0,16376.0,19.382022471910112,3.581183611532625,3158.0390625,30907.70703125,10.21764267180023,65.1,37.0
1786558398.3933406,81.0,3174.0,16376.0,19.382022471910112,3.2980332829046897,3173.18359375,30907.70703125,10.266641878485759,65.04,37.0
1786558399.4196796,78.0,3166.0,16376.0,19.33317049340498,3.2512914007900333,3167.8828125,30907.70703125,10.249491524224148,65.19,37.0
1786558400.4466338,97.0,3157.0,16376.0,19.278212017586714,3.197320341047503,3172.23046875,30907.70703125,10.26355810071138,65.07,37.0
1786558401.4783516,98.0,3152.0,16376.0,19.247679531021006,3.2542579075425793,3156.55078125,30907.70703125,10.212827428636137,65.17,37.0
1786558402.505433,78.0,3149.0,16376.0,19.229360039081584,3.2404603270745005,3155.046875,30907.70703125,10.207961631738039,65.09,37.0
1786558403.5371592,98.0,3149.0,16376.0,19.229360039081584,3.1953743152769323,3156.921875,30907.70703125,10.214028079818785,65.27,37.0
1786558404.575065,95.0,3145.0,16376.0,19.204934049829017,3.1524704455895725,3160.64453125,30907.70703125,10.226072506945767,64.89,37.0
1786558405.611002,76.0,3133.0,16376.0,19.131656082071324,3.2500752332229914,3157.69921875,30907.70703125,10.216543128085595,64.71,37.0
1786558406.6397626,97.0,3183.0,16376.0,19.436980947728383,3.255954175459753,3159.45703125,30907.70703125,10.222230423161294,65.37,37.0
1786558407.6742506,99.0,3189.0,16376.0,19.47361993160723,3.51728320194057,3161.3984375,30907.70703125,10.228511724611568,71.23,40.0
1786558408.707294,99.0,3184.0,16376.0,19.443087445041524,3.2316520688613712,3159.9453125,30907.70703125,10.223810227348988,94.72,40.0
1786558409.736403,99.0,3178.0,16376.0,19.406448461162675,3.206291591046582,3175.375,30907.70703125,10.27373203968013,94.5,40.0
1786558410.7660441,79.0,3177.0,16376.0,19.400341963849534,3.160133697964145,3172.1953125,30907.70703125,10.263444354809865,93.95,40.0
1786558411.7973223,99.0,3164.0,16376.0,19.3209574987787,3.246359223300971,3170.5703125,30907.70703125,10.258186766473218,97.79,40.0
1786558412.8326693,99.0,3164.0,16376.0,19.3209574987787,3.1818181818181817,3166.5859375,30907.70703125,10.245295564301632,98.0,41.0
1786558413.8624976,99.0,3160.0,16376.0,19.296531509526137,3.258901629450815,3166.54296875,30907.70703125,10.245156541533115,97.96,41.0
1786558414.8915217,99.0,3149.0,16376.0,19.229360039081584,3.1866464339908953,3162.80078125,30907.70703125,10.233048922238625,98.98,41.0
1786558415.9198246,99.0,3146.0,16376.0,19.211040547142158,3.1885818402672337,3164.13671875,30907.70703125,10.237371266496158,98.58,41.0
1786558416.9516928,100.0,3146.0,16376.0,19.211040547142158,3.2512914007900333,3176.52734375,30907.70703125,10.27746037756309,97.62,40.0
1786558417.9824395,99.0,3146.0,16376.0,19.211040547142158,3.3292978208232444,3191.88671875,30907.70703125,10.327154698091205,99.05,41.0
1786558419.01167,99.0,3135.0,16376.0,19.143869076697605,3.2140691328077624,3190.3125,30907.70703125,10.322061409390077,98.44,41.0
1786558420.0386095,99.0,3146.0,16376.0,19.211040547142158,3.1876138433515484,3188.99609375,30907.70703125,10.317802257300054,97.98,41.0
1786558421.0667622,99.0,3146.0,16376.0,19.211040547142158,3.2248250684514757,3182.35546875,30907.70703125,10.29631692034741,97.81,41.0
1786558422.0974474,99.0,3146.0,16376.0,19.211040547142158,3.4325637910085054,3177.40234375,30907.70703125,10.280291386667438,98.61,41.0
1786558423.1244678,99.0,3144.0,16376.0,19.198827552515876,3.272727272727273,3179.3671875,30907.70703125,10.28664851871872,98.0,41.0
1786558424.1578515,99.0,3146.0,16376.0,19.211040547142158,3.1953743152769323,3178.6640625,30907.70703125,10.28437360068844,98.79,41.0
1786558425.184055,99.0,3146.0,16376.0,19.211040547142158,3.176043557168784,3164.953125,30907.70703125,10.240012699097981,98.29,40.0
1786558426.2109594,99.0,3146.0,16376.0,19.211040547142158,3.197320341047503,3162.84375,30907.70703125,10.233187945007142,98.3,40.0
1786558427.2384872,99.0,3146.0,16376.0,19.211040547142158,3.316093702464253,3138.63671875,30907.70703125,10.154867572598006,97.69,40.0
1786558428.2660246,99.0,3161.0,16376.0,19.302638006839278,3.1934306569343067,3144.74609375,30907.70703125,10.174634082594437,98.96,41.0
1786558429.3000336,99.0,3206.0,16376.0,19.57743038593063,3.7025796661608497,3138.09375,30907.70703125,10.15311083034129,94.98,40.0
1786558430.3290904,99.0,3200.0,16376.0,19.54079140205178,3.1741233373639663,3138.19140625,30907.70703125,10.153426791178829,95.09,40.0
1786558431.3570457,99.0,3198.0,16376.0,19.5285784074255,3.248330297510625,3132.375,30907.70703125,10.134608163695011,94.79,40.0
1786558432.387421,97.0,3196.0,16376.0,19.516365412799217,3.1924597141988444,3133.75,30907.70703125,10.13905689228756,66.38,38.0
1786558433.414199,98.0,3192.0,16376.0,19.491939423546654,3.244390539721043,3135.24609375,30907.70703125,10.143897412318656,65.33,37.0
1786558434.4414656,98.0,3179.0,16376.0,19.41255495847582,3.255247946455735,3137.71875,30907.70703125,10.15189754072514,65.1,37.0
1786558435.4677303,90.0,3172.0,16376.0,19.36980947728383,3.253268470659775,3136.92578125,30907.70703125,10.149331938724325,65.07,37.0
1786558436.494275,96.0,3171.0,16376.0,19.36370297997069,3.1982942430703623,3139.15625,30907.70703125,10.156548484253712,64.86,37.0
1786558437.5244272,98.0,3171.0,16376.0,19.36370297997069,3.5215543412264725,3139.88671875,30907.70703125,10.158911871318503,64.26,37.0
1786558438.5563643,98.0,3163.0,16376.0,19.31485100146556,3.245374582954201,3146.109375,30907.70703125,10.17904489588648,64.9,37.0
1786558439.5853207,97.0,3154.0,16376.0,19.259892525647288,3.210175651120533,3140.015625,30907.70703125,10.159328939624054,65.06,37.0
1786558440.6221993,87.0,3153.0,16376.0,19.253786028334147,3.218949286365017,3141.62109375,30907.70703125,10.164523335793193,64.99,37.0
1786558441.6573412,85.0,3153.0,16376.0,19.253786028334147,3.2248342374924652,3140.65625,30907.70703125,10.16140164271831,65.11,37.0
1786558442.683852,97.0,3153.0,16376.0,19.253786028334147,3.2004830917874396,3145.4296875,30907.70703125,10.17684580845721,65.26,37.0
1786558443.7206469,98.0,3148.0,16376.0,19.223253541768443,3.466099118273031,3148.390625,30907.70703125,10.186425741051389,65.2,37.0
1786558444.7534697,84.0,3151.0,16376.0,19.241573033707866,3.3423667570009035,3151.0625,30907.70703125,10.195070429566453,65.02,37.0
1786558445.7833898,82.0,3151.0,16376.0,19.241573033707866,3.23653962492438,3154.35546875,30907.70703125,10.205724629008262,64.78,37.0
1786558446.8105168,98.0,3151.0,16376.0,19.241573033707866,3.2169954476479514,3161.12109375,30907.70703125,10.227614395832957,64.42,37.0
1786558447.8465557,98.0,3151.0,16376.0,19.241573033707866,3.520485584218513,3164.23046875,30907.70703125,10.237674588900195,64.29,37.0
1786558448.8743072,81.0,3148.0,16376.0,19.223253541768443,3.3734939759036147,3162.1953125,30907.70703125,10.231089965045886,63.98,37.0
1786558449.9016752,98.0,3151.0,16376.0,19.241573033707866,3.2522796352583585,3160.8125,30907.70703125,10.226615959586335,64.03,37.0
1786558450.9308853,98.0,3151.0,16376.0,19.241573033707866,3.223844282238443,3153.7109375,30907.70703125,10.203639287480506,64.34,37.0
1786558451.9596128,80.0,3151.0,16376.0,19.241573033707866,3.2766990291262137,3149.7578125,30907.70703125,10.190849192776932,64.58,37.0
1786558452.988154,77.0,3151.0,16376.0,19.241573033707866,3.1905195989061075,3145.7109375,30907.70703125,10.177755775669322,64.44,37.0
1786558454.0149264,98.0,3148.0,16376.0,19.223253541768443,3.161094224924012,3155.6015625,30907.70703125,10.209756289295258,64.67,37.0
1786558455.0428536,97.0,3151.0,16376.0,19.241573033707866,3.225806451612903,3151.4609375,30907.70703125,10.196359549783612,63.92,37.0
1786558456.070024,76.0,3151.0,16376.0,19.241573033707866,3.280680437424058,3150.1328125,30907.70703125,10.192062482393084,64.36,37.0
1786558457.0983505,98.0,3151.0,16376.0,19.241573033707866,3.3424491036159223,3151.59375,30907.70703125,10.196789256522663,64.5,37.0
1786558458.128406,80.0,3151.0,16376.0,19.241573033707866,3.400121432908318,3151.34765625,30907.70703125,10.195993035212066,71.15,37.0
1786558459.1547985,99.0,3151.0,16376.0,19.241573033707866,3.513022410660206,3154.2421875,30907.70703125,10.205358114436718,94.82,40.0
1786558460.1826267,99.0,3151.0,16376.0,19.241573033707866,3.197320341047503,3162.01953125,30907.70703125,10.230521235538315,94.56,40.0
1786558461.2121208,96.0,3151.0,16376.0,19.241573033707866,3.2522796352583585,3169.5859375,30907.70703125,10.255001881230827,94.08,40.0
1786558462.2394097,100.0,3148.0,16376.0,19.223253541768443,3.246359223300971,3171.234375,30907.70703125,10.260335300168483,98.72,41.0
1786558463.2667143,100.0,3141.0,16376.0,19.180508060576454,3.1944021904472164,3168.84765625,30907.70703125,10.252613217299032,98.53,41.0
1786558464.2934191,100.0,3151.0,16376.0,19.241573033707866,3.223844282238443,3174.37890625,30907.70703125,10.270509239137235,98.24,40.0
1786558465.3210187,100.0,3151.0,16376.0,19.241573033707866,3.2248250684514757,3170.9921875,30907.70703125,10.259551717291385,98.35,40.0
1786558466.3471012,100.0,3152.0,16376.0,19.247679531021006,3.3424491036159223,3168.44921875,30907.70703125,10.251324097081874,97.62,40.0
1786558467.3765044,99.0,3150.0,16376.0,19.235466536394725,3.4724337496192508,3164.33984375,30907.70703125,10.238028465038239,98.14,40.0
1786558468.4047253,100.0,3150.0,16376.0,19.235466536394725,3.246359223300971,3161.88671875,30907.70703125,10.230091528799262,98.86,40.0
1786558469.4312594,100.0,3148.0,16376.0,19.223253541768443,3.250303766707169,3159.578125,30907.70703125,10.222622214599843,98.75,40.0
1786558470.4574895,100.0,3140.0,16376.0,19.174401563263313,3.1953743152769323,3161.39453125,30907.70703125,10.228499086178065,98.68,40.0
1786558471.4841485,100.0,3134.0,16376.0,19.137762579384464,3.256238587948874,3163.47265625,30907.70703125,10.235222732800892,99.66,40.0
1786558472.511338,100.0,3134.0,16376.0,19.137762579384464,3.166869671132765,3161.92578125,30907.70703125,10.230217913134277,99.3,41.0
1786558473.544559,100.0,3134.0,16376.0,19.137762579384464,3.1944021904472164,3168.69140625,30907.70703125,10.25210767995897,98.28,41.0
1786558474.5744097,100.0,3132.0,16376.0,19.125549584758183,3.206291591046582,3170.8125,30907.70703125,10.258970349350314,99.21,40.0
1786558475.6030965,100.0,3132.0,16376.0,19.125549584758183,3.216019417475728,3168.30078125,30907.70703125,10.250843836608816,99.09,41.0
1786558476.6342478,100.0,3132.0,16376.0,19.125549584758183,3.18955042527339,3167.55859375,30907.70703125,10.24844253424352,99.52,41.0
1786558477.6616933,100.0,3133.0,16376.0,19.131656082071324,3.5358114233907525,3165.18359375,30907.70703125,10.240758366674573,100.14,40.0
1786558478.688554,99.0,3133.0,16376.0,19.131656082071324,3.223844282238443,3157.09375,30907.70703125,10.214584170892854,97.83,40.0
1786558479.7151005,99.0,3132.0,16376.0,19.125549584758183,3.2248250684514757,3160.2890625,30907.70703125,10.224922409497125,95.87,41.0
1786558480.742611,100.0,3132.0,16376.0,19.125549584758183,3.1963470319634704,3157.875,30907.70703125,10.217111857593164,95.77,40.0
1786558481.7723718,93.0,3132.0,16376.0,19.125549584758183,3.2522796352583585,3155.17578125,30907.70703125,10.208378700043589,80.73,38.0
1786558482.7992527,98.0,3132.0,16376.0,19.125549584758183,3.1866464339908953,3146.55078125,30907.70703125,10.180473038872156,65.84,37.0
1786558483.831893,98.0,3132.0,16376.0,19.125549584758183,3.2846715328467155,3150.4296875,30907.70703125,10.193023003339201,65.26,37.0
1786558484.8590252,98.0,3132.0,16376.0,19.125549584758183,3.266787658802178,3153.54296875,30907.70703125,10.20309583483994,65.56,37.0
1786558485.8855097,97.0,3132.0,16376.0,19.125549584758183,3.253268470659775,3149.16796875,30907.70703125,10.188940789318199,65.34,37.0
1786558486.9120512,89.0,3132.0,16376.0,19.125549584758183,3.3454987834549876,3137.07421875,30907.70703125,10.149812199197383,64.88,37.0
1786558487.9399407,89.0,3132.0,16376.0,19.125549584758183,3.463992707383774,3137.09375,30907.70703125,10.149875391364892,64.91,37.0
1786558488.9667184,98.0,3132.0,16376.0,19.125549584758183,3.221884498480243,3139.05859375,30907.70703125,10.156232523416174,65.09,37.0
1786558489.9937587,87.0,3132.0,16376.0,19.125549584758183,3.255247946455735,3142.37890625,30907.70703125,10.166975191892496,65.18,37.0
1786558491.0207546,98.0,3132.0,16376.0,19.125549584758183,3.1944021904472164,3145.9765625,30907.70703125,10.178615189147427,65.25,37.0
1786558492.0486395,98.0,3132.0,16376.0,19.125549584758183,3.2846715328467155,3149.5,30907.70703125,10.19001505616583,65.18,37.0
1786558493.0756755,98.0,3132.0,16376.0,19.125549584758183,3.1924597141988444,3156.265625,30907.70703125,10.211904822990524,65.22,37.0
1786558494.1089828,85.0,3143.0,16376.0,19.192721055202735,3.2248250684514757,3170.7109375,30907.70703125,10.258641750079274,64.99,37.0
1786558495.1378129,88.0,3132.0,16376.0,19.125549584758183,3.2940465397401026,3161.1328125,30907.70703125,10.227652311133461,64.85,37.0
1786558496.1675932,83.0,3132.0,16376.0,19.125549584758183,3.1905195989061075,3163.640625,30907.70703125,10.23576618544146,65.14,37.0
1786558497.194321,98.0,3133.0,16376.0,19.131656082071324,3.2766990291262137,3161.24609375,30907.70703125,10.228018825705007,65.15,37.0
1786558498.2200835,98.0,3133.0,16376.0,19.131656082071324,3.226788432267884,3165.296875,30907.70703125,10.241124881246119,64.93,37.0
1786558499.246086,88.0,3132.0,16376.0,19.125549584758183,3.19926873857404,3168.71484375,30907.70703125,10.25218351055998,65.11,37.0
1786558500.2725785,79.0,3132.0,16376.0,19.125549584758183,3.5269078747339617,3162.4453125,30907.70703125,10.231898824789983,65.05,37.0
1786558501.2991774,98.0,3132.0,16376.0,19.125549584758183,3.225806451612903,3164.78515625,30907.70703125,10.239469246457416,65.65,37.0
1786558502.3257236,98.0,3132.0,16376.0,19.125549584758183,3.255247946455735,3161.1875,30907.70703125,10.227829249202482,64.89,37.0
1786558503.3525305,77.0,3134.0,16376.0,19.137762579384464,3.3140772271207055,3164.0078125,30907.70703125,10.236954198190606,64.89,37.0
1786558504.378691,77.0,3134.0,16376.0,19.137762579384464,3.3140772271207055,3150.859375,30907.70703125,10.194413231024372,65.1,37.0
1786558505.4048283,98.0,3134.0,16376.0,19.137762579384464,3.1982942430703623,3152.08203125,30907.70703125,10.198369060710357,65.19,37.0
1786558506.4336119,98.0,3134.0,16376.0,19.137762579384464,3.3738601823708207,3142.15234375,30907.70703125,10.166242162749406,64.8,37.0
1786558507.4621642,100.0,3134.0,16376.0,19.137762579384464,3.4869617950272893,3153.3828125,30907.70703125,10.202577659066376,88.12,37.0
1786558508.4887419,100.0,3134.0,16376.0,19.137762579384464,3.18955042527339,3152.29296875,30907.70703125,10.199051536119443,96.31,40.0
1786558509.5153232,100.0,3134.0,16376.0,19.137762579384464,3.225806451612903,3152.71484375,30907.70703125,10.20041648693761,96.1,40.0
1786558510.5485733,100.0,3134.0,16376.0,19.137762579384464,3.226788432267884,3151.58203125,30907.70703125,10.196751341222159,97.24,40.0
1786558511.5803936,100.0,3134.0,16376.0,19.137762579384464,3.2053220441487755,3146.609375,30907.70703125,10.180662615374679,100.8,40.0
1786558512.6078799,100.0,3134.0,16376.0,19.137762579384464,3.1808542865798244,3152.046875,30907.70703125,10.198255314808845,100.14,40.0
1786558513.6348066,100.0,3134.0,16376.0,19.137762579384464,3.2816773017319965,3147.93359375,30907.70703125,10.184947044331707,100.44,41.0
1786558514.6620004,100.0,3134.0,16376.0,19.137762579384464,3.223844282238443,3149.078125,30907.70703125,10.188650105347662,100.03,40.0
1786558515.6891716,85.0,3134.0,16376.0,19.137762579384464,3.28367284889024,3143.1640625,30907.70703125,10.169515517026309,98.09,40.0
1786558516.7214813,100.0,3135.0,16376.0,19.143869076697605,3.253268470659775,3146.1953125,30907.70703125,10.179322941423514,99.97,40.0
1786558517.7489061,100.0,3135.0,16376.0,19.143869076697605,3.5034732709151313,3148.07421875,30907.70703125,10.185402027937762,100.69,40.0
1786558518.7746172,100.0,3134.0,16376.0,19.137762579384464,3.2522796352583585,3150.18359375,30907.70703125,10.192226782028603,100.45,41.0
1786558519.8011208,99.0,3134.0,16376.0,19.137762579384464,3.226788432267884,3150.59375,30907.70703125,10.193553817546267,99.88,41.0
1786558520.8344533,100.0,3134.0,16376.0,19.137762579384464,3.225806451612903,3146.68359375,30907.70703125,10.18090274561121,99.91,40.0
1786558521.8622026,100.0,3134.0,16376.0,19.137762579384464,3.206291591046582,3151.4609375,30907.70703125,10.196359549783612,98.81,40.0
1786558522.888545,100.0,3134.0,16376.0,19.137762579384464,3.221884498480243,3145.25,30907.70703125,10.176264440516139,100.38,41.0
1786558523.9206033,100.0,3134.0,16376.0,19.137762579384464,3.256238587948874,3141.109375,30907.70703125,10.16286770100449,101.31,41.0
1786558524.9492567,100.0,3134.0,16376.0,19.137762579384464,3.237518910741301,3138.51171875,30907.70703125,10.154463142725955,100.27,40.0
1786558525.978503,99.0,3134.0,16376.0,19.137762579384464,3.2493167324628,3146.31640625,30907.70703125,10.179714732862063,100.26,40.0
1786558527.019032,97.0,3134.0,16376.0,19.137762579384464,3.18955042527339,3149.2109375,30907.70703125,10.189079812086716,99.08,41.0
1786558528.0465117,99.0,3134.0,16376.0,19.137762579384464,3.504043126684636,3153.421875,30907.70703125,10.202704043401392,96.33,40.0
1786558529.0796452,99.0,3134.0,16376.0,19.137762579384464,3.1934306569343067,3156.48046875,30907.70703125,10.21259993683311,96.38,40.0
1786558530.12112,98.0,3134.0,16376.0,19.137762579384464,3.206291591046582,3163.8359375,30907.70703125,10.236398107116537,84.29,40.0
1786558531.148514,98.0,3134.0,16376.0,19.137762579384464,3.211284513805522,3162.7265625,30907.70703125,10.232808792002096,65.73,37.0
1786558532.178345,98.0,3134.0,16376.0,19.137762579384464,3.223844282238443,3161.0,30907.70703125,10.22722260439441,65.96,37.0
1786558533.2167547,98.0,3134.0,16376.0,19.137762579384464,3.304031524704456,3176.109375,30907.70703125,10.276108065178423,65.95,37.0
1786558534.2520247,98.0,3145.0,16376.0,19.204934049829017,3.2490974729241877,3174.88671875,30907.70703125,10.272152235492436,65.75,37.0
1786558535.2793722,90.0,3134.0,16376.0,19.137762579384464,3.2004830917874396,3172.2265625,30907.70703125,10.263545462277877,65.33,37.0
1786558536.3057542,89.0,3134.0,16376.0,19.137762579384464,3.223844282238443,3170.46875,30907.70703125,10.257858167202178,65.11,37.0
1786558537.3316286,98.0,3135.0,16376.0,19.143869076697605,3.5529911934406315,3168.40625,30907.70703125,10.251185074313357,65.2,37.0
1786558538.3588908,86.0,3135.0,16376.0,19.143869076697605,3.286670724284845,3164.4140625,30907.70703125,10.238268595274768,65.08,37.0
1786558539.3850803,98.0,3134.0,16376.0,19.137762579384464,3.223844282238443,3147.69921875,30907.70703125,10.184188738321613,65.29,37.0
1786558540.4228516,98.0,3134.0,16376.0,19.137762579384464,3.227771010962241,3153.17578125,30907.70703125,10.201907822090794,65.38,37.0
1786558541.4490566,95.0,3134.0,16376.0,19.137762579384464,3.2500752332229914,3145.5078125,30907.70703125,10.177098577127241,65.22,37.0
1786558542.4752629,84.0,3134.0,16376.0,19.137762579384464,3.2572298325722984,3146.828125,30907.70703125,10.181370367650766,65.2,37.0
1786558543.5064123,98.0,3134.0,16376.0,19.137762579384464,3.2572298325722984,3147.63671875,30907.70703125,10.183986523385588,65.33,37.0
1786558544.5447612,98.0,3134.0,16376.0,19.137762579384464,3.212121212121212,3141.3125,30907.70703125,10.163524899546571,65.09,37.0
1786558545.577985,98.0,3134.0,16376.0,19.137762579384464,3.2490974729241877,3133.46875,30907.70703125,10.138146925075448,65.47,37.0
1786558546.6130137,98.0,3134.0,16376.0,19.137762579384464,3.2053220441487755,3128.82421875,30907.70703125,10.1231198276421,64.93,37.0
1786558547.641722,80.0,3134.0,16376.0,19.137762579384464,3.4368405185408504,3129.3203125,30907.70703125,10.124724908696797,64.59,37.0
1786558548.6745615,93.0,3134.0,16376.0,19.137762579384464,3.218949286365017,3133.0546875,30907.70703125,10.136807251124283,64.76,37.0
1786558549.7122343,98.0,3134.0,16376.0,19.137762579384464,3.1779661016949152,3132.5078125,30907.70703125,10.135037870434067,64.88,37.0
1786558550.7388642,98.0,3134.0,16376.0,19.137762579384464,3.2801685224195003,3142.5703125,30907.70703125,10.167594475134072,64.97,37.0
1786558551.7656581,98.0,3136.0,16376.0,19.149975574010746,3.226788432267884,3139.71484375,30907.70703125,10.158355780244435,64.83,37.0
1786558552.801707,75.0,3136.0,16376.0,19.149975574010746,3.2542579075425793,3142.15625,30907.70703125,10.166254801182907,64.5,37.0
1786558553.8287706,98.0,3136.0,16376.0,19.149975574010746,3.197586726998492,3143.28125,30907.70703125,10.169894670031354,64.52,37.0
1786558554.8556664,98.0,3136.0,16376.0,19.149975574010746,3.1953743152769323,3158.69140625,30907.70703125,10.21975329019499,64.7,37.0
1786558555.8854315,99.0,3136.0,16376.0,19.149975574010746,3.225806451612903,3162.375,30907.70703125,10.231671332986956,86.23,40.0
1786558556.921418,99.0,3137.0,16376.0,19.156082071323887,3.245374582954201,3159.3515625,30907.70703125,10.221889185456751,95.67,40.0
1786558557.9491231,99.0,3137.0,16376.0,19.156082071323887,3.4036144578313254,3161.61328125,30907.70703125,10.229206838454152,95.84,40.0
1786558558.9776738,100.0,3136.0,16376.0,19.149975574010746,3.2816773017319965,3175.6015625,30907.70703125,10.274465068823222,97.86,40.0
1786558560.0095265,100.0,3136.0,16376.0,19.149975574010746,3.2493167324628,3171.9609375,30907.70703125,10.262686048799772,100.04,40.0
1786558561.0360637,100.0,3136.0,16376.0,19.149975574010746,3.210175651120533,3162.09375,30907.70703125,10.230761365774844,99.9,40.0
1786558562.062803,100.0,3136.0,16376.0,19.149975574010746,3.1963470319634704,3159.4296875,30907.70703125,10.222141954126784,100.31,41.0
1786558563.0889194,100.0,3136.0,16376.0,19.149975574010746,3.1953743152769323,3157.125,30907.70703125,10.214685278360866,100.04,40.0
1786558564.1180048,84.0,3136.0,16376.0,19.149975574010746,3.286670724284845,3154.50390625,30907.70703125,10.206204889481322,98.88,40.0
1786558565.1467896,100.0,3136.0,16376.0,19.149975574010746,3.217972070431087,3152.0703125,30907.70703125,10.198331145409853,99.45,40.0
1786558566.17348,100.0,3136.0,16376.0,19.149975574010746,3.218949286365017,3148.2734375,30907.70703125,10.186046588046342,99.8,40.0
1786558567.1995542,100.0,3136.0,16376.0,19.149975574010746,3.225806451612903,3148.04296875,30907.70703125,10.18530092046975,99.63,41.0
1786558568.2333896,100.0,3136.0,16376.0,19.149975574010746,3.405290361812101,3147.12890625,30907.70703125,10.182343527030387,99.87,40.0
1786558569.264644,100.0,3136.0,16376.0,19.149975574010746,3.2336053188274403,3147.12890625,30907.70703125,10.182343527030387,99.98,40.0
1786558570.2917233,100.0,3136.0,16376.0,19.149975574010746,3.2414419872765827,3145.8671875,30907.70703125,10.178261313009385,98.74,40.0
1786558571.325828,100.0,3136.0,16376.0,19.149975574010746,3.1953743152769323,3139.7734375,30907.70703125,10.158545356746957,99.21,41.0
1786558572.3525958,100.0,3136.0,16376.0,19.149975574010746,3.1741233373639663,3132.6484375,30907.70703125,10.135492854040121,99.31,40.0
1786558573.3781714,100.0,3136.0,16376.0,19.149975574010746,3.1953743152769323,3136.40234375,30907.70703125,10.147638388635116,99.3,40.0
1786558574.4048269,100.0,3136.0,16376.0,19.149975574010746,3.1982942430703623,3139.37890625,30907.70703125,10.157268874963302,100.2,40.0
1786558575.433229,100.0,3136.0,16376.0,19.149975574010746,3.255247946455735,3139.1171875,30907.70703125,10.156422099918696,98.78,41.0
1786558576.4593432,100.0,3136.0,16376.0,19.149975574010746,3.2199270959902795,3141.90234375,30907.70703125,10.165433303005306,96.13,40.0
1786558577.4847813,99.0,3136.0,16376.0,19.149975574010746,3.5529911934406315,3131.80078125,30907.70703125,10.132750313970284,96.12,40.0
1786558578.511943,98.0,3136.0,16376.0,19.149975574010746,3.3181126331811264,3137.828125,30907.70703125,10.152251416863184,84.43,40.0
1786558579.54033,98.0,3136.0,16376.0,19.149975574010746,3.1944021904472164,3125.71484375,30907.70703125,10.113059634574862,65.66,37.0
1786558580.5670912,98.0,3136.0,16376.0,19.149975574010746,3.2209054998480706,3125.80859375,30907.70703125,10.113362956978898,65.63,37.0
1786558581.5934734,98.0,3136.0,16376.0,19.149975574010746,3.225806451612903,3133.19140625,30907.70703125,10.137249596296838,65.64,37.0
1786558582.6231382,98.0,3136.0,16376.0,19.149975574010746,3.167834297898264,3148.58203125,30907.70703125,10.187045024292965,65.41,37.0
1786558583.6581364,89.0,3136.0,16376.0,19.149975574010746,3.275705186533212,3147.953125,30907.70703125,10.185010236499215,65.21,37.0
1786558584.689373,89.0,3136.0,16376.0,19.149975574010746,3.258901629450815,3139.125,30907.70703125,10.1564473767857,64.99,37.0
1786558585.7159185,98.0,3136.0,16376.0,19.149975574010746,3.242424242424242,3138.0703125,30907.70703125,10.15303499974028,65.47,37.0
1786558586.7433603,86.0,3136.0,16376.0,19.149975574010746,3.255247946455735,3143.97265625,30907.70703125,10.172131672761129,65.46,37.0
1786558587.769616,98.0,3136.0,16376.0,19.149975574010746,3.490136570561457,3149.875,30907.70703125,10.19122834578198,65.27,37.0
1786558588.8001301,98.0,3136.0,16376.0,19.149975574010746,3.286670724284845,3157.80078125,30907.70703125,10.216871727356637,65.31,37.0
1786558589.8287706,98.0,3136.0,16376.0,19.149975574010746,3.1847133757961785,3155.84765625,30907.70703125,10.210552510605858,65.23,37.0
1786558590.8563354,84.0,3136.0,16376.0,19.149975574010746,3.278688524590164,3153.37890625,30907.70703125,10.202565020632875,64.85,37.0
1786558591.8834722,98.0,3136.0,16376.0,19.149975574010746,3.22286409242931,3152.8671875,30907.70703125,10.200909385844172,64.85,37.0
1786558592.9099302,98.0,3136.0,16376.0,19.149975574010746,3.1953743152769323,3150.82421875,30907.70703125,10.194299485122858,65.16,37.0
1786558593.9385254,98.0,3136.0,16376.0,19.149975574010746,3.255247946455735,3150.38671875,30907.70703125,10.192883980570683,65.06,37.0
1786558594.9652424,98.0,3136.0,16376.0,19.149975574010746,3.3080424886191198,3152.7265625,30907.70703125,10.200454402238115,65.17,37.0
1786558595.9978492,80.0,3136.0,16376.0,19.149975574010746,3.255247946455735,3141.7890625,30907.70703125,10.16506678843376,65.29,37.0
1786558597.025185,98.0,3136.0,16376.0,19.149975574010746,3.3252720677146312,3152.98046875,30907.70703125,10.201275900415716,65.55,37.0
1786558598.0513897,98.0,3136.0,16376.0,19.149975574010746,3.637465898757199,3147.10546875,30907.70703125,10.182267696429378,65.17,37.0
1786558599.0778217,98.0,3136.0,16376.0,19.149975574010746,3.167834297898264,3148.06640625,30907.70703125,10.18537675107076,64.74,37.0
1786558600.1080673,76.0,3136.0,16376.0,19.149975574010746,3.226788432267884,3146.08984375,30907.70703125,10.178981703718973,64.82,37.0
1786558601.1359174,81.0,3136.0,16376.0,19.149975574010746,3.2150439793751895,3155.83984375,30907.70703125,10.210527233738855,65.18,37.0
1786558602.1630414,98.0,3136.0,16376.0,19.149975574010746,3.1934306569343067,3154.35546875,30907.70703125,10.205724629008262,64.55,37.0
1786558603.1912208,83.0,3232.0,16376.0,19.7361993160723,3.253268470659775,3150.55859375,30907.70703125,10.193440071644751,65.05,37.0
1786558604.218312,99.0,3241.0,16376.0,19.79115779189057,3.280680437424058,3153.76171875,30907.70703125,10.203803587116028,79.58,37.0
1786558605.2443192,99.0,3229.0,16376.0,19.71787982413288,3.1953743152769323,3170.84765625,30907.70703125,10.25908409525183,94.81,40.0
1786558606.2703626,99.0,3202.0,16376.0,19.553004396678062,3.139286802804023,3156.98828125,30907.70703125,10.214242933188311,94.58,40.0
1786558607.3022301,99.0,3208.0,16376.0,19.58964338055691,3.2572298325722984,3170.87109375,30907.70703125,10.259159925852838,94.92,40.0
1786558608.3295362,99.0,3204.0,16376.0,19.565217391304348,3.4180278281911676,3168.62890625,30907.70703125,10.251905465022945,97.75,40.0
1786558609.356292,100.0,3189.0,16376.0,19.47361993160723,3.22286409242931,3145.50390625,30907.70703125,10.17708593869374,97.85,40.0
1786558610.3833203,99.0,3189.0,16376.0,19.47361993160723,3.255247946455735,3142.765625,30907.70703125,10.16822639680915,97.46,40.0
1786558611.4129572,100.0,3184.0,16376.0,19.443087445041524,3.282674772036474,3151.2109375,30907.70703125,10.195550690039513,97.53,39.0
1786558612.4401052,100.0,3175.0,16376.0,19.388128969223253,3.246359223300971,3151.84765625,30907.70703125,10.197610754700264,98.89,39.0
1786558613.4665835,99.0,3195.0,16376.0,19.510258915486077,3.3424491036159223,3154.5625,30907.70703125,10.206394465983845,97.22,40.0
1786558614.5002456,100.0,3195.0,16376.0,19.510258915486077,3.5269078747339617,3146.484375,30907.70703125,10.18025818550263,99.1,40.0
1786558615.5280008,99.0,3174.0,16376.0,19.382022471910112,3.2920567804288736,3148.9765625,30907.70703125,10.188321506076623,99.29,40.0
1786558616.5542743,100.0,3169.0,16376.0,19.351489985344404,3.1924597141988444,3142.0859375,30907.70703125,10.166027309379878,98.77,40.0
1786558617.5806453,100.0,3169.0,16376.0,19.351489985344404,3.4933171324422845,3141.09765625,30907.70703125,10.162829785703984,99.32,40.0
1786558618.6078286,99.0,3169.0,16376.0,19.351489985344404,3.255247946455735,3139.1875,30907.70703125,10.156649591721726,99.46,40.0
1786558619.6355546,100.0,3165.0,16376.0,19.32706399609184,3.2542579075425793,3143.27734375,30907.70703125,10.169882031597853,98.61,41.0
1786558620.6625502,100.0,3154.0,16376.0,19.259892525647288,3.163979312442957,3149.703125,30907.70703125,10.190672254707911,98.81,39.0
1786558621.689659,100.0,3152.0,16376.0,19.247679531021006,3.282674772036474,3150.609375,30907.70703125,10.193604371280273,99.65,40.0
1786558622.7170057,100.0,3151.0,16376.0,19.241573033707866,3.223844282238443,3164.9609375,30907.70703125,10.240037975964986,99.91,40.0
1786558623.7488248,100.0,3151.0,16376.0,19.241573033707866,3.2542579075425793,3181.9375,30907.70703125,10.294964607962743,98.74,41.0
1786558624.777939,100.0,3140.0,16376.0,19.174401563263313,3.2111481369282036,3189.16796875,30907.70703125,10.318358348374122,97.66,40.0
1786558625.808426,99.0,3139.0,16376.0,19.168295065950172,3.2766990291262137,3195.13671875,30907.70703125,10.337669874764499,95.78,40.0
1786558626.839774,99.0,3139.0,16376.0,19.168295065950172,3.213094877235526,3202.98828125,30907.70703125,10.363073126102625,95.94,40.0
1786558627.8680902,98.0,3139.0,16376.0,19.168295065950172,3.5077109162382825,3215.4609375,30907.70703125,10.40342764427309,80.41,38.0
1786558628.904711,98.0,3138.0,16376.0,19.162188568637028,3.1914893617021276,3210.48828125,30907.70703125,10.38733891842561,65.31,37.0
1786558629.9321911,98.0,3138.0,16376.0,19.162188568637028,3.253992166315155,3202.34375,30907.70703125,10.360987784574869,65.59,37.0
1786558630.963839,98.0,3138.0,16376.0,19.162188568637028,3.223844282238443,3204.734375,30907.70703125,10.36872250587782,65.29,37.0
1786558631.997556,98.0,3138.0,16376.0,19.162188568637028,3.2404603270745005,3187.09765625,30907.70703125,10.311659978618298,65.28,37.0
1786558633.0261812,98.0,3138.0,16376.0,19.162188568637028,3.2336053188274403,3169.80859375,30907.70703125,10.255722271940416,64.6,37.0
1786558634.0561888,89.0,3138.0,16376.0,19.162188568637028,3.2209054998480706,3155.08984375,30907.70703125,10.208100654506556,64.58,37.0
1786558635.0938742,87.0,3137.0,16376.0,19.156082071323887,3.303030303030303,3153.796875,30907.70703125,10.203917333017541,65.06,37.0
1786558636.1200638,98.0,3137.0,16376.0,19.156082071323887,3.163603495028623,3152.64453125,30907.70703125,10.200188995134582,65.25,37.0
1786558637.1478684,86.0,3137.0,16376.0,19.156082071323887,3.227771010962241,3150.6484375,30907.70703125,10.193730755615288,64.86,37.0
1786558638.1776674,98.0,3137.0,16376.0,19.156082071323887,3.4011539629517156,3148.30859375,30907.70703125,10.186160333947857,65.0,37.0
1786558639.2143447,98.0,3145.0,16376.0,19.204934049829017,3.245374582954201,3147.81640625,30907.70703125,10.18456789132666,64.87,37.0
1786558640.2459042,98.0,3137.0,16376.0,19.156082071323887,3.283132530120482,3147.515625,30907.70703125,10.183594731947041,65.15,37.0
1786558641.2727253,83.0,3137.0,16376.0,19.156082071323887,3.2697547683923704,3162.43359375,30907.70703125,10.231860909489479,64.89,37.0
1786558642.303304,97.0,3137.0,16376.0,19.156082071323887,3.255247946455735,3161.5703125,30907.70703125,10.229067815685635,64.59,37.0
1786558643.3323448,87.0,3137.0,16376.0,19.156082071323887,3.272727272727273,3156.57421875,30907.70703125,10.212903259237146,64.47,37.0
1786558644.3642983,98.0,3137.0,16376.0,19.156082071323887,3.248330297510625,3161.37890625,30907.70703125,10.228448532444059,64.82,37.0
1786558645.402646,98.0,3137.0,16376.0,19.156082071323887,3.2092037541628824,3172.3984375,30907.70703125,10.264101553351948,64.36,37.0
1786558646.4334562,80.0,3137.0,16376.0,19.156082071323887,3.366396152690111,3173.76171875,30907.70703125,10.26851236664399,64.75,37.0
1786558647.4654188,98.0,3137.0,16376.0,19.156082071323887,3.3908567968513474,3162.94140625,30907.70703125,10.233503905844682,64.03,37.0
1786558648.5019274,98.0,3137.0,16376.0,19.156082071323887,3.2980332829046897,3170.12890625,30907.70703125,10.256758623487542,64.24,37.0
1786558649.5358572,98.0,3137.0,16376.0,19.156082071323887,3.2549728752260396,3152.4296875,30907.70703125,10.199493881291996,64.53,36.0
1786558650.564585,87.0,3137.0,16376.0,19.156082071323887,3.2920567804288736,3151.578125,30907.70703125,10.196738702788657,64.4,37.0
1786558651.6033046,81.0,3137.0,16376.0,19.156082071323887,3.2199270959902795,3152.921875,30907.70703125,10.201086323913193,64.85,37.0
1786558652.6368568,98.0,3137.0,16376.0,19.156082071323887,3.2471437161755863,3146.34375,30907.70703125,10.179803201896574,64.8,37.0
1786558653.6688204,99.0,3137.0,16376.0,19.156082071323887,3.2940465397401026,3150.0859375,30907.70703125,10.191910821191064,90.12,40.0
1786558654.6997619,99.0,3137.0,16376.0,19.156082071323887,3.194695599758891,3165.12109375,30907.70703125,10.240556151738549,95.8,40.0
1786558655.729511,99.0,3137.0,16376.0,19.156082071323887,3.2856708244599937,3166.7578125,30907.70703125,10.2458516553757,95.85,40.0
1786558656.7566593,100.0,3137.0,16376.0,19.156082071323887,3.3060357901122233,3160.6015625,30907.70703125,10.22593348417725,97.26,40.0
1786558657.788549,100.0,3137.0,16376.0,19.156082071323887,3.665555892153893,3153.2421875,30907.70703125,10.20212267546032,99.59,40.0
1786558658.818635,100.0,3137.0,16376.0,19.156082071323887,3.2394792612776264,3169.8359375,30907.70703125,10.255810740974926,100.45,40.0
1786558659.8467848,100.0,3137.0,16376.0,19.156082071323887,3.2737193088814793,3170.6640625,30907.70703125,10.258490088877256,99.85,40.0
1786558660.8779793,100.0,3137.0,16376.0,19.156082071323887,3.1620553359683794,3169.45703125,30907.70703125,10.254584812925275,99.59,40.0
1786558661.9055922,85.0,3137.0,16376.0,19.156082071323887,3.626473254759746,3152.62890625,30907.70703125,10.200138441400576,98.06,40.0
1786558662.9405816,100.0,3137.0,16376.0,19.156082071323887,3.1934306569343067,3149.04296875,30907.70703125,10.188536359446148,100.26,40.0
1786558663.9706743,100.0,3137.0,16376.0,19.156082071323887,3.258901629450815,3148.19140625,30907.70703125,10.18578118094281,100.15,40.0
1786558665.005474,100.0,3137.0,16376.0,19.156082071323887,3.1856796116504853,3156.34765625,30907.70703125,10.212170230094056,99.17,40.0
1786558666.035952,100.0,3137.0,16376.0,19.156082071323887,3.229701177180803,3154.69921875,30907.70703125,10.2068368111564,99.76,40.0
1786558667.0647888,100.0,3137.0,16376.0,19.156082071323887,3.242424242424242,3156.6796875,30907.70703125,10.21324449694169,99.75,40.0
1786558668.0945215,100.0,3137.0,16376.0,19.156082071323887,3.340419070756149,3154.80859375,30907.70703125,10.207190687294444,99.46,40.0
1786558669.129876,100.0,3147.0,16376.0,19.217147044455302,3.2747119466343237,3153.60546875,30907.70703125,10.203298049775965,100.67,40.0
1786558670.1556673,100.0,3137.0,16376.0,19.156082071323887,3.2287266143633073,3151.92578125,30907.70703125,10.197863523370296,99.98,40.0
1786558671.1858077,100.0,3137.0,16376.0,19.156082071323887,3.1982942430703623,3149.625,30907.70703125,10.19041948603788,100.18,40.0
1786558672.2116542,100.0,3137.0,16376.0,19.156082071323887,3.2150439793751895,3144.71484375,30907.70703125,10.174532975126425,99.89,40.0
1786558673.2378983,99.0,3137.0,16376.0,19.156082071323887,3.228754188242461,3159.625,30907.70703125,10.222773875801861,98.51,40.0
1786558674.2641006,100.0,3137.0,16376.0,19.156082071323887,3.226788432267884,3164.5703125,30907.70703125,10.238774132614829,96.39,40.0
1786558675.2935355,99.0,3137.0,16376.0,19.156082071323887,3.255247946455735,3159.84765625,30907.70703125,10.22349426651145,95.77,40.0
1786558676.3216574,93.0,3137.0,16376.0,19.156082071323887,3.3050333535476044,3156.8203125,30907.70703125,10.213699480547744,79.33,40.0
1786558677.3511534,95.0,3137.0,16376.0,19.156082071323887,3.221884498480243,3144.0703125,30907.70703125,10.172447633598669,65.64,37.0
1786558678.3827267,98.0,3137.0,16376.0,19.156082071323887,3.337378640776699,3138.625,30907.70703125,10.154829657297501,65.29,37.0
1786558679.4094558,98.0,3137.0,16376.0,19.156082071323887,3.2687651331719128,3140.609375,30907.70703125,10.16124998151629,65.47,37.0
1786558680.4431875,98.0,3137.0,16376.0,19.156082071323887,3.1963470319634704,3144.9296875,30907.70703125,10.17522808896901,65.53,37.0
1786558681.4693425,91.0,3137.0,16376.0,19.156082071323887,3.293051359516616,3145.20703125,30907.70703125,10.17612541774762,65.23,37.0
1786558682.4967577,88.0,3137.0,16376.0,19.156082071323887,3.227771010962241,3147.68359375,30907.70703125,10.184138184587606,64.69,37.0
1786558683.5262177,96.0,3137.0,16376.0,19.156082071323887,3.22286409242931,3140.48828125,30907.70703125,10.160858190077743,64.95,37.0
1786558684.5567658,87.0,3137.0,16376.0,19.156082071323887,3.2473444613050075,3140.89453125,30907.70703125,10.162172587161905,64.94,37.0
1786558685.5872765,98.0,3137.0,16376.0,19.156082071323887,3.2434070930585026,3143.94140625,30907.70703125,10.172030565293118,65.42,37.0
1786558686.6169872,98.0,3137.0,16376.0,19.156082071323887,3.2140691328077624,3147.8046875,30907.70703125,10.184529976026155,65.19,37.0
1786558687.6437585,98.0,3137.0,16376.0,19.156082071323887,3.3363663936912347,3152.03515625,30907.70703125,10.19821739950834,65.49,37.0
1786558688.6705482,85.0,3137.0,16376.0,19.156082071323887,3.166869671132765,3148.1796875,30907.70703125,10.185743265642305,65.34,37.0
1786558689.6984456,83.0,3137.0,16376.0,19.156082071323887,3.3140772271207055,3148.3046875,30907.70703125,10.186147695514354,65.15,37.0
1786558690.7263634,81.0,3137.0,16376.0,19.156082071323887,3.221884498480243,3137.28125,30907.70703125,10.150482036172965,65.06,37.0
1786558691.7535825,98.0,3137.0,16376.0,19.156082071323887,3.280680437424058,3138.48828125,30907.70703125,10.154387312124946,65.12,37.0
1786558692.7795455,98.0,3137.0,16376.0,19.156082071323887,3.2542579075425793,3135.8515625,30907.70703125,10.145856369511396,64.9,37.0
1786558693.8068745,98.0,3137.0,16376.0,19.156082071323887,3.2582216808769795,3131.48046875,30907.70703125,10.131713962423158,65.14,37.0
1786558694.834744,79.0,3137.0,16376.0,19.156082071323887,3.312063202673959,3134.4765625,30907.70703125,10.14140764091885,64.58,36.0
1786558695.8669105,98.0,3137.0,16376.0,19.156082071323887,3.280680437424058,3134.4609375,30907.70703125,10.141357087184844,64.78,37.0
1786558696.8941653,98.0,3137.0,16376.0,19.156082071323887,3.2092037541628824,3128.140625,30907.70703125,10.120908101779328,64.99,37.0
1786558697.9203792,98.0,3137.0,16376.0,19.156082071323887,3.3150851581508514,3128.13671875,30907.70703125,10.120895463345827,64.5,37.0
1786558698.9470003,76.0,3137.0,16376.0,19.156082071323887,3.2856708244599937,3125.421875,30907.70703125,10.112111752062244,64.35,37.0
1786558699.9758394,97.0,3137.0,16376.0,19.156082071323887,3.256238587948874,3128.515625,30907.70703125,10.122121391395476,64.67,37.0
1786558701.0027728,98.0,3137.0,16376.0,19.156082071323887,3.248330297510625,3129.390625,30907.70703125,10.124952400499824,64.69,37.0
1786558702.030569,99.0,3137.0,16376.0,19.156082071323887,3.31306990881459,3131.7578125,30907.70703125,10.132611291201767,88.38,39.0
1786558703.0566866,99.0,3137.0,16376.0,19.156082071323887,3.2512914007900333,3130.4609375,30907.70703125,10.12841533127925,95.68,40.0
1786558704.0842664,99.0,3137.0,16376.0,19.156082071323887,3.197320341047503,3130.7578125,30907.70703125,10.129375852225369,95.5,40.0
1786558705.1123326,100.0,3137.0,16376.0,19.156082071323887,3.253268470659775,3131.49609375,30907.70703125,10.131764516157164,97.26,39.0
1786558706.1391864,100.0,3137.0,16376.0,19.156082071323887,3.2209054998480706,3130.8125,30907.70703125,10.12955279029439,99.34,40.0
1786558707.1712322,100.0,3137.0,16376.0,19.156082071323887,3.2248250684514757,3130.29296875,30907.70703125,10.127871878638683,99.03,40.0
1786558708.1968968,100.0,3137.0,16376.0,19.156082071323887,3.5336756266988827,3134.1328125,30907.70703125,10.140295458770712,99.45,40.0
1786558709.2232685,100.0,3147.0,16376.0,19.217147044455302,3.1982942430703623,3139.59375,30907.70703125,10.157963988805886,99.19,40.0
1786558710.2505035,85.0,3137.0,16376.0,19.156082071323887,3.227771010962241,3135.9609375,30907.70703125,10.14621024564944,97.56,40.0
1786558711.2764845,100.0,3137.0,16376.0,19.156082071323887,3.282674772036474,3135.46875,30907.70703125,10.144617803028243,98.99,40.0
1786558712.3021975,100.0,3137.0,16376.0,19.156082071323887,3.197320341047503,3135.32421875,30907.70703125,10.144150180988687,100.07,40.0
1786558713.328955,100.0,3137.0,16376.0,19.156082071323887,3.19926873857404,3147.9921875,30907.70703125,10.18513662083423,99.91,40.0
1786558714.3558662,100.0,3137.0,16376.0,19.156082071323887,3.253268470659775,3147.58203125,30907.70703125,10.183809585316567,100.04,40.0
1786558715.3815563,100.0,3137.0,16376.0,19.156082071323887,3.1953743152769323,3144.98046875,30907.70703125,10.175392388604532,99.44,40.0
1786558716.4092574,100.0,3137.0,16376.0,19.156082071323887,3.25921413341456,3140.87890625,30907.70703125,10.162122033427897,98.31,39.0
1786558717.4350398,100.0,3137.0,16376.0,19.156082071323887,3.2512914007900333,3143.03125,30907.70703125,10.169085810287255,100.44,40.0
1786558718.460992,100.0,3137.0,16376.0,19.156082071323887,3.2896740785866587,3146.29296875,30907.70703125,10.179638902261054,99.95,40.0
1786558719.4872947,99.0,3137.0,16376.0,19.156082071323887,3.256238587948874,3143.5234375,30907.70703125,10.17067825290845,99.68,40.0
1786558720.513908,100.0,3137.0,16376.0,19.156082071323887,3.1687995124923827,3135.81640625,30907.70703125,10.145742623609882,100.0,40.0
1786558721.5396872,100.0,3137.0,16376.0,19.156082071323887,3.1963470319634704,3131.33203125,30907.70703125,10.131233701950098,98.29,40.0
1786558722.5694115,99.0,3137.0,16376.0,19.156082071323887,3.286670724284845,3130.0625,30907.70703125,10.127126211062091,95.94,40.0
1786558723.5981178,100.0,3137.0,16376.0,19.156082071323887,3.1866464339908953,3126.3671875,30907.70703125,10.115170252969621,96.02,40.0
1786558724.6254337,98.0,3137.0,16376.0,19.156082071323887,3.278688524590164,3129.53515625,30907.70703125,10.125420022539382,83.08,39.0
1786558725.6582372,98.0,3137.0,16376.0,19.156082071323887,3.312063202673959,3127.0546875,30907.70703125,10.117394617265894,65.27,37.0
1786558726.6851895,91.0,3132.0,16376.0,19.125549584758183,3.2072617246596065,3128.87109375,30907.70703125,10.123271488844118,65.36,37.0
1786558727.7113154,98.0,3132.0,16376.0,19.125549584758183,3.550834597875569,3124.2421875,30907.70703125,10.108294945144774,64.83,37.0
1786558728.737452,98.0,3132.0,16376.0,19.125549584758183,3.286670724284845,3130.70703125,30907.70703125,10.12921155258985,64.8,37.0
1786558729.766904,89.0,3132.0,16376.0,19.125549584758183,3.3150851581508514,3128.328125,30907.70703125,10.121514746587401,64.97,37.0
1786558730.7937706,88.0,3132.0,16376.0,19.125549584758183,3.275705186533212,3128.3359375,30907.70703125,10.121540023454404,65.29,37.0
1786558731.8205757,98.0,3132.0,16376.0,19.125549584758183,3.3140772271207055,3130.05078125,30907.70703125,10.127088295761588,65.09,37.0
1786558732.8473432,98.0,3132.0,16376.0,19.125549584758183,3.2248250684514757,3129.375,30907.70703125,10.124901846765818,64.68,37.0
1786558733.874739,98.0,3132.0,16376.0,19.125549584758183,3.255247946455735,3132.28125,30907.70703125,10.134304841290975,64.48,37.0
1786558734.9032025,98.0,3132.0,16376.0,19.125549584758183,3.312063202673959,3140.23046875,30907.70703125,10.16002405346664,64.81,37.0
1786558735.9312613,98.0,3132.0,16376.0,19.125549584758183,3.2796841785605833,3137.30859375,30907.70703125,10.150570505207476,64.96,37.0
1786558736.963513,84.0,3132.0,16376.0,19.125549584758183,3.221884498480243,3139.296875,30907.70703125,10.157003467859768,64.75,37.0
1786558737.990564,98.0,3132.0,16376.0,19.125549584758183,3.504531722054381,3135.734375,30907.70703125,10.14547721650635,65.08,37.0
1786558739.0175166,98.0,3134.0,16376.0,19.137762579384464,3.1649421789409615,3130.1171875,30907.70703125,10.127303149131114,64.85,37.0
1786558740.044823,98.0,3134.0,16376.0,19.137762579384464,3.3140772271207055,3138.46875,30907.70703125,10.154324119957439,64.63,37.0
1786558741.0719311,81.0,3134.0,16376.0,19.137762579384464,3.253268470659775,3136.1953125,30907.70703125,10.146968551659533,64.54,37.0
1786558742.0991948,80.0,3134.0,16376.0,19.137762579384464,3.2248250684514757,3134.1640625,30907.70703125,10.140396566238726,64.36,37.0
1786558743.1257555,93.0,3134.0,16376.0,19.137762579384464,3.223844282238443,3128.734375,30907.70703125,10.122829143671563,64.53,37.0
1786558744.1526797,98.0,3142.0,16376.0,19.186614557889595,3.256238587948874,3129.09765625,30907.70703125,10.124004517987208,64.36,37.0
1786558745.1792445,98.0,3134.0,16376.0,19.137762579384464,3.3424491036159223,3133.34765625,30907.70703125,10.1377551336369,63.97,37.0
1786558746.2134516,77.0,3134.0,16376.0,19.137762579384464,3.255247946455735,3134.13671875,30907.70703125,10.140308097204215,64.4,37.0
1786558747.244462,98.0,3134.0,16376.0,19.137762579384464,3.18796992481203,3128.96875,30907.70703125,10.123587449681656,65.12,36.0
1786558748.272248,98.0,3134.0,16376.0,19.137762579384464,3.377967133292757,3136.99609375,30907.70703125,10.149559430527352,64.8,37.0
1786558749.3057964,98.0,3134.0,16376.0,19.137762579384464,3.221884498480243,3139.55078125,30907.70703125,10.157824966037369,64.47,37.0
1786558750.334651,99.0,3136.0,16376.0,19.149975574010746,3.293051359516616,3145.88671875,30907.70703125,10.178324505176892,83.66,38.0
1786558751.3726282,99.0,3136.0,16376.0,19.149975574010746,3.248330297510625,3146.33203125,30907.70703125,10.17976528659607,95.35,40.0
1786558752.4077597,99.0,3136.0,16376.0,19.149975574010746,3.220951234196267,3136.98828125,30907.70703125,10.14953415366035,95.82,40.0
1786558753.4348345,100.0,3136.0,16376.0,19.149975574010746,3.2880844645550527,3136.53515625,30907.70703125,10.14806809537417,97.31,38.0
1786558754.4713328,100.0,3136.0,16376.0,19.149975574010746,3.2542579075425793,3135.82421875,30907.70703125,10.145767900476885,99.81,40.0
1786558755.499214,100.0,3136.0,16376.0,19.149975574010746,3.2248342374924652,3138.44140625,30907.70703125,10.154235650922928,99.82,40.0
1786558756.5260382,100.0,3136.0,16376.0,19.149975574010746,3.250303766707169,3138.546875,30907.70703125,10.15457688862747,99.82,40.0
1786558757.5588849,100.0,3136.0,16376.0,19.149975574010746,3.2542579075425793,3138.13671875,30907.70703125,10.153249853109807,99.55,40.0
1786558758.5862117,83.0,3136.0,16376.0,19.149975574010746,3.327283726557774,3137.3984375,30907.70703125,10.150861189178013,99.13,40.0
1786558759.613407,100.0,3136.0,16376.0,19.149975574010746,3.22286409242931,3136.33984375,30907.70703125,10.147436173699091,99.68,40.0
1786558760.6475952,100.0,3136.0,16376.0,19.149975574010746,3.223844282238443,3135.50390625,30907.70703125,10.144731548929759,99.09,40.0
1786558761.6752284,100.0,3136.0,16376.0,19.149975574010746,3.173164097914778,3144.0625,30907.70703125,10.172422356731666,99.62,40.0
1786558762.703496,100.0,3136.0,16376.0,19.149975574010746,3.2522796352583585,3144.1171875,30907.70703125,10.172599294800687,99.15,40.0
1786558763.73057,100.0,3136.0,16376.0,19.149975574010746,3.2493167324628,3131.96484375,30907.70703125,10.13328112817735,99.27,40.0
1786558764.757467,99.0,3136.0,16376.0,19.149975574010746,3.2248250684514757,3133.2265625,30907.70703125,10.137363342198352,99.12,40.0
1786558765.7875285,100.0,3136.0,16376.0,19.149975574010746,3.2248250684514757,3130.72265625,30907.70703125,10.129262106323855,99.21,40.0
1786558766.816043,100.0,3136.0,16376.0,19.149975574010746,3.244390539721043,3133.8203125,30907.70703125,10.139284384090589,99.31,40.0
1786558767.8455942,100.0,3136.0,16376.0,19.149975574010746,3.340419070756149,3128.44921875,30907.70703125,10.12190653802595,99.4,40.0
1786558768.872616,100.0,3136.0,16376.0,19.149975574010746,3.1572556162720096,3131.046875,30907.70703125,10.130311096304483,98.54,40.0
1786558769.8994677,93.0,3136.0,16376.0,19.149975574010746,3.2542579075425793,3134.57421875,30907.70703125,10.14172360175639,97.67,40.0
1786558770.926558,99.0,3136.0,16376.0,19.149975574010746,3.2248250684514757,3132.18359375,30907.70703125,10.133988880453437,95.46,40.0
1786558771.957327,100.0,3136.0,16376.0,19.149975574010746,3.1649421789409615,3134.59375,30907.70703125,10.141786793923895,95.4,40.0
1786558772.9854224,98.0,3136.0,16376.0,19.149975574010746,3.1837477258944813,3138.66796875,30907.70703125,10.154968680066018,85.48,39.0
1786558774.0202968,98.0,3136.0,16376.0,19.149975574010746,3.2512914007900333,3139.16796875,30907.70703125,10.156586399554216,64.98,37.0
1786558775.055392,92.0,3136.0,16376.0,19.149975574010746,3.258901629450815,3139.74609375,30907.70703125,10.158456887712447,65.06,37.0
1786558776.0832307,98.0,3136.0,16376.0,19.149975574010746,3.259885300332025,3139.94921875,30907.70703125,10.159114086254528,64.95,37.0
1786558777.1115787,91.0,3136.0,16376.0,19.149975574010746,3.2512914007900333,3139.27734375,30907.70703125,10.15694027569226,64.96,37.0
1786558778.1411417,90.0,3136.0,16376.0,19.149975574010746,3.3110571081409477,3133.61328125,30907.70703125,10.138614547115006,64.98,37.0
1786558779.1675909,98.0,3146.0,16376.0,19.211040547142158,3.2473444613050075,3137.37890625,30907.70703125,10.150797997010505,64.93,37.0
1786558780.1960907,98.0,3136.0,16376.0,19.149975574010746,3.256238587948874,3136.9296875,30907.70703125,10.149344577157827,64.79,37.0
1786558781.224931,98.0,3136.0,16376.0,19.149975574010746,3.2199270959902795,3153.71484375,30907.70703125,10.203651925914007,64.73,37.0
1786558782.255349,94.0,3136.0,16376.0,19.149975574010746,3.337378640776699,3159.875,30907.70703125,10.22358273554596,64.8,37.0
1786558783.2851987,98.0,3136.0,16376.0,19.149975574010746,3.2434070930585026,3160.80078125,30907.70703125,10.22657804428583,64.99,37.0
1786558784.3168573,83.0,3136.0,16376.0,19.149975574010746,3.1866464339908953,3156.4140625,30907.70703125,10.212385083463584,64.83,37.0
1786558785.349667,84.0,3136.0,16376.0,19.149975574010746,3.300030275507115,3171.37109375,30907.70703125,10.260777645341038,64.88,37.0
1786558786.381315,98.0,3138.0,16376.0,19.162188568637028,3.2657998185666766,3187.03125,30907.70703125,10.311445125248772,64.93,37.0
1786558787.4080942,98.0,3138.0,16376.0,19.162188568637028,3.2697547683923704,3188.92578125,30907.70703125,10.317574765497026,64.68,37.0
1786558788.436568,87.0,3138.0,16376.0,19.162188568637028,3.346516580468512,3196.5078125,30907.70703125,10.342105964923544,64.18,37.0
1786558789.4645088,81.0,3138.0,16376.0,19.162188568637028,3.2199270959902795,3193.796875,30907.70703125,10.333334892073465,64.55,37.0
1786558790.4907439,80.0,3138.0,16376.0,19.162188568637028,3.2816773017319965,3189.796875,30907.70703125,10.320393136167873,64.46,37.0
1786558791.5181446,98.0,3138.0,16376.0,19.162188568637028,3.226788432267884,3190.32421875,30907.70703125,10.322099324690583,64.68,37.0
1786558792.5487278,98.0,3138.0,16376.0,19.162188568637028,3.1944021904472164,3188.890625,30907.70703125,10.31746101959551,64.67,37.0
1786558793.5771105,79.0,3138.0,16376.0,19.162188568637028,3.2140691328077624,3183.66796875,30907.70703125,10.300563434003934,64.85,37.0
1786558794.604379,87.0,3138.0,16376.0,19.162188568637028,3.2796841785605833,3185.54296875,30907.70703125,10.30662988208468,64.87,37.0
1786558795.6376665,98.0,3138.0,16376.0,19.162188568637028,3.223844282238443,3179.65625,30907.70703125,10.287583762797837,64.74,37.0
1786558796.6653569,94.0,3138.0,16376.0,19.162188568637028,3.3524614919963756,3178.578125,30907.70703125,10.284095555151406,64.2,37.0
1786558797.691896,98.0,3138.0,16376.0,19.162188568637028,3.3434650455927053,3167.5625,30907.70703125,10.248455172677021,64.64,37.0
1786558798.718581,100.0,3138.0,16376.0,19.162188568637028,3.255247946455735,3169.8359375,30907.70703125,10.255810740974926,81.63,40.0
1786558799.7527215,100.0,3138.0,16376.0,19.162188568637028,3.225806451612903,3174.30859375,30907.70703125,10.270281747334206,95.65,40.0
1786558800.7811117,100.0,3138.0,16376.0,19.162188568637028,3.2316520688613712,3174.859375,30907.70703125,10.272063766457926,95.43,40.0
1786558801.8134751,100.0,3138.0,16376.0,19.162188568637028,3.250303766707169,3166.58984375,30907.70703125,10.245308202735135,96.18,40.0
1786558802.8446405,100.0,3138.0,16376.0,19.162188568637028,3.2092037541628824,3162.48046875,30907.70703125,10.232012570691499,99.33,40.0
1786558803.8749652,100.0,3138.0,16376.0,19.162188568637028,3.2404603270745005,3156.33203125,30907.70703125,10.21211967636005,99.58,41.0
1786558804.90179,100.0,3138.0,16376.0,19.162188568637028,3.2140691328077624,3151.3359375,30907.70703125,10.195955119911561,99.54,40.0
1786558805.9344423,100.0,3138.0,16376.0,19.162188568637028,3.2248250684514757,3152.8671875,30907.70703125,10.200909385844172,98.63,40.0
1786558806.9610064,84.0,3138.0,16376.0,19.162188568637028,3.237518910741301,3150.63671875,30907.70703125,10.193692840314784,98.22,40.0
1786558807.9879372,100.0,3138.0,16376.0,19.162188568637028,3.3748859835816356,3150.62109375,30907.70703125,10.193642286580777,100.19,40.0
1786558809.0153387,100.0,3138.0,16376.0,19.162188568637028,3.1953743152769323,3148.05859375,30907.70703125,10.185351474203756,99.87,41.0
1786558810.0500867,100.0,3138.0,16376.0,19.162188568637028,3.22286409242931,3147.296875,30907.70703125,10.182886979670954,99.28,41.0
1786558811.0797617,100.0,3138.0,16376.0,19.162188568637028,3.229701177180803,3144.38671875,30907.70703125,10.173471346712294,99.03,40.0
1786558812.1064806,100.0,3138.0,16376.0,19.162188568637028,3.1582143941694505,3145.19921875,30907.70703125,10.176100140880619,98.66,40.0
1786558813.1325634,100.0,3138.0,16376.0,19.162188568637028,3.255247946455735,3147.15234375,30907.70703125,10.182419357631396,98.34,40.0
1786558814.1604748,100.0,3138.0,16376.0,19.162188568637028,3.226788432267884,3141.375,30907.70703125,10.163727114482596,99.78,41.0
1786558815.1874602,100.0,3138.0,16376.0,19.162188568637028,3.221884498480243,3149.08203125,30907.70703125,10.188662743781164,98.79,41.0
1786558816.2154486,100.0,3138.0,16376.0,19.162188568637028,3.2248250684514757,3145.3671875,30907.70703125,10.176643593521186,98.82,40.0
1786558817.2428565,100.0,3138.0,16376.0,19.162188568637028,3.3100516246583664,3142.88671875,30907.70703125,10.168618188247699,99.84,41.0
1786558818.2695956,94.0,3138.0,16376.0,19.162188568637028,3.637465898757199,3134.36328125,30907.70703125,10.141041126347304,97.69,41.0
1786558819.2971103,99.0,3148.0,16376.0,19.223253541768443,3.2248250684514757,3139.28125,30907.70703125,10.156952914125762,95.4,40.0
1786558820.3272822,99.0,3138.0,16376.0,19.162188568637028,3.2522796352583585,3154.38671875,30907.70703125,10.205825736476276,95.75,40.0
1786558821.356398,94.0,3138.0,16376.0,19.162188568637028,3.2150439793751895,3148.69921875,30907.70703125,10.187424177298011,90.2,40.0
1786558822.382542,93.0,3138.0,16376.0,19.162188568637028,3.2473444613050075,3156.03125,30907.70703125,10.211146516980431,65.61,37.0
1786558823.4086409,92.0,3138.0,16376.0,19.162188568637028,3.227771010962241,3149.55078125,30907.70703125,10.19017935580135,65.33,37.0
1786558824.446012,98.0,3138.0,16376.0,19.162188568637028,3.227771010962241,3152.22265625,30907.70703125,10.198824044316414,65.27,37.0
1786558825.4751754,90.0,3138.0,16376.0,19.162188568637028,3.281155930162553,3142.1015625,30907.70703125,10.166077863113886,64.63,37.0
1786558826.5009398,98.0,3138.0,16376.0,19.162188568637028,3.160133697964145,3145.40625,30907.70703125,10.176769977856202,64.09,37.0
1786558827.5287335,98.0,3138.0,16376.0,19.162188568637028,3.228754188242461,3148.99609375,30907.70703125,10.18838469824413,64.2,37.0
1786558828.5565922,98.0,3138.0,16376.0,19.162188568637028,3.5183500151653018,3166.3125,30907.70703125,10.244410873956523,64.15,37.0
1786558829.5904226,98.0,3138.0,16376.0,19.162188568637028,3.1934306569343067,3169.515625,30907.70703125,10.254774389427798,64.32,37.0
1786558830.6191096,87.0,3138.0,16376.0,19.162188568637028,3.2336053188274403,3165.8203125,30907.70703125,10.242818431335328,64.03,37.0
1786558831.653861,88.0,3138.0,16376.0,19.162188568637028,3.3080424886191198,3161.24609375,30907.70703125,10.228018825705007,64.23,37.0
1786558832.6857965,86.0,3138.0,16376.0,19.162188568637028,3.2890766445383224,3161.375,30907.70703125,10.228435894010559,64.37,37.0
1786558833.7129605,98.0,3138.0,16376.0,19.162188568637028,3.2687651331719128,3154.1875,30907.70703125,10.205181176367697,64.43,37.0
1786558834.7464006,98.0,3138.0,16376.0,19.162188568637028,3.1649421789409615,3158.140625,30907.70703125,10.21797127107127,64.56,37.0
1786558835.7767498,98.0,3138.0,16376.0,19.162188568637028,3.2638259292837715,3155.015625,30907.70703125,10.207860524270027,64.51,37.0
1786558836.803915,83.0,3138.0,16376.0,19.162188568637028,3.272727272727273,3156.25390625,30907.70703125,10.21186690769002,64.72,37.0
1786558837.8359957,98.0,3138.0,16376.0,19.162188568637028,3.4911961141469336,3151.6640625,30907.70703125,10.197016748325693,64.74,37.0
1786558838.8642578,81.0,3138.0,16376.0,19.162188568637028,3.2980332829046897,3151.37109375,30907.70703125,10.196068865813075,65.17,37.0
1786558839.8915293,98.0,3138.0,16376.0,19.162188568637028,3.1914893617021276,3153.04296875,30907.70703125,10.20147811535174,64.84,37.0
1786558840.9242892,98.0,3138.0,16376.0,19.162188568637028,3.223844282238443,3146.93359375,30907.70703125,10.181711605355309,64.67,37.0
1786558841.9512074,78.0,3138.0,16376.0,19.162188568637028,3.324267150196434,3145.0234375,30907.70703125,10.175531411373049,64.59,37.0
1786558842.9785864,98.0,3138.0,16376.0,19.162188568637028,3.225806451612903,3148.32421875,30907.70703125,10.186210887681863,64.47,37.0
1786558844.0051644,98.0,3138.0,16376.0,19.162188568637028,3.253268470659775,3149.21875,30907.70703125,10.189105088953719,64.19,37.0
1786558845.0316956,76.0,3138.0,16376.0,19.162188568637028,3.255247946455735,3146.96875,30907.70703125,10.181825351256823,63.86,37.0
1786558846.0622177,75.0,3138.0,16376.0,19.162188568637028,3.256238587948874,3148.0234375,30907.70703125,10.185237728302242,64.27,37.0
1786558847.0889828,99.0,3138.0,16376.0,19.162188568637028,3.2140691328077624,3138.203125,30907.70703125,10.153464706479333,79.92,39.0
1786558848.117178,99.0,3138.0,16376.0,19.162188568637028,3.3150851581508514,3139.8359375,30907.70703125,10.158747571682984,95.44,40.0
1786558849.1440613,99.0,3138.0,16376.0,19.162188568637028,3.250303766707169,3140.359375,30907.70703125,10.160441121772191,95.26,40.0
1786558850.1722188,99.0,3212.0,16376.0,19.614069369809478,3.3150851581508514,3143.27734375,30907.70703125,10.169882031597853,95.6,40.0
1786558851.200146,99.0,3214.0,16376.0,19.62628236443576,3.490136570561457,3147.046875,30907.70703125,10.182078119926853,98.89,40.0
1786558852.2381582,99.0,3211.0,16376.0,19.607962872496337,3.1914893617021276,3148.37109375,30907.70703125,10.186362548883881,98.15,40.0
1786558853.265609,100.0,3206.0,16376.0,19.57743038593063,3.2791817087845967,3149.7734375,30907.70703125,10.19089974651094,97.93,41.0
1786558854.2928762,99.0,3209.0,16376.0,19.595749877870052,3.22286409242931,3150.28125,30907.70703125,10.192542742866141,97.56,40.0
1786558855.3203332,99.0,3199.0,16376.0,19.53468490473864,3.2816773017319965,3145.25390625,30907.70703125,10.17627707894964,98.34,40.0
1786558856.3515604,99.0,3194.0,16376.0,19.504152418172936,3.282674772036474,3144.87890625,30907.70703125,10.17506378933349,96.18,39.0
1786558857.3800647,100.0,3193.0,16376.0,19.498045920859795,3.453498939715238,3138.74609375,30907.70703125,10.155221448736048,97.71,41.0
1786558858.4067466,99.0,3193.0,16376.0,19.498045920859795,3.4869617950272893,3140.3203125,30907.70703125,10.160314737437176,98.61,40.0
1786558859.4387999,100.0,3172.0,16376.0,19.36980947728383,3.225806451612903,3145.29296875,30907.70703125,10.176403463284656,98.2,41.0
1786558860.465505,99.0,3164.0,16376.0,19.3209574987787,3.2092037541628824,3145.87890625,30907.70703125,10.17829922830989,98.99,41.0
1786558861.491566,100.0,3160.0,16376.0,19.296531509526137,3.255247946455735,3146.00390625,30907.70703125,10.178703658181938,98.47,41.0
1786558862.5178978,100.0,3161.0,16376.0,19.302638006839278,3.3769394584727714,3149.21484375,30907.70703125,10.189092450520217,97.4,41.0
1786558863.5440016,100.0,3143.0,16376.0,19.192721055202735,3.3475349969567865,3145.8046875,30907.70703125,10.17805909807336,99.51,41.0
1786558864.5703478,100.0,2957.0,16376.0,18.056912554958476,3.197320341047503,3145.5546875,30907.70703125,10.17725023832926,100.31,41.0
1786558865.5964804,100.0,2950.0,16376.0,18.014167073766487,3.226788432267884,3142.9296875,30907.70703125,10.168757211016215,100.43,41.0
1786558866.6250181,100.0,2946.0,16376.0,17.989741084513923,3.197320341047503,3145.49609375,30907.70703125,10.177060661826737,101.25,41.0
1786558867.6518943,100.0,2945.0,16376.0,17.983634587200783,3.2493167324628,3145.63671875,30907.70703125,10.177515645432793,97.53,41.0
1786558868.6840837,100.0,2944.0,16376.0,17.97752808988764,3.3444816053511706,3148.58984375,30907.70703125,10.187070301159968,96.64,41.0
1786558869.7146761,99.0,2944.0,16376.0,17.97752808988764,3.2092037541628824,3149.1328125,30907.70703125,10.188827043416685,96.23,41.0
1786558870.7454925,98.0,2944.0,16376.0,17.97752808988764,3.1837477258944813,3148.31640625,30907.70703125,10.186185610814858,74.17,38.0
1786558871.7755911,98.0,2944.0,16376.0,17.97752808988764,3.272727272727273,3146.859375,30907.70703125,10.18147147511878,64.85,38.0
1786558872.801774,92.0,2944.0,16376.0,17.97752808988764,3.216019417475728,3139.265625,30907.70703125,10.156902360391756,65.37,38.0
1786558873.8323238,91.0,2944.0,16376.0,17.97752808988764,3.3150851581508514,3143.59375,30907.70703125,10.17090574471148,64.87,38.0
1786558874.8597033,98.0,2944.0,16376.0,17.97752808988764,3.2434070930585026,3146.2109375,30907.70703125,10.17937349515752,65.22,38.0
1786558875.8856716,89.0,2944.0,16376.0,17.97752808988764,3.1944021904472164,3146.67578125,30907.70703125,10.180877468744207,65.04,38.0
1786558876.9199815,89.0,2944.0,16376.0,17.97752808988764,3.286670724284845,3145.24609375,30907.70703125,10.176251802082636,64.89,38.0
1786558877.9478009,87.0,2944.0,16376.0,17.97752808988764,3.3524614919963756,3152.1640625,30907.70703125,10.198634467813891,64.96,38.0
1786558878.9736345,98.0,2944.0,16376.0,17.97752808988764,3.4325637910085054,3149.9453125,30907.70703125,10.191455837585007,65.15,38.0
1786558880.0001376,98.0,2944.0,16376.0,17.97752808988764,3.1982942430703623,3144.171875,30907.70703125,10.17277623286971,64.93,38.0
1786558881.0315852,98.0,2944.0,16376.0,17.97752808988764,3.226788432267884,3142.2890625,30907.70703125,10.166684507921959,65.11,38.0
1786558882.0588074,98.0,2944.0,16376.0,17.97752808988764,3.2697547683923704,3141.796875,30907.70703125,10.165092065300763,64.76,38.0
1786558883.0920427,98.0,2944.0,16376.0,17.97752808988764,3.1944021904472164,3138.6171875,30907.70703125,10.154804380430498,64.4,38.0
1786558884.1216695,83.0,2944.0,16376.0,17.97752808988764,3.235560931357726,3141.7578125,30907.70703125,10.164965680965748,64.91,38.0
1786558885.147663,82.0,2944.0,16376.0,17.97752808988764,3.246359223300971,3140.41796875,30907.70703125,10.160630698274716,64.9,38.0
1786558886.173769,98.0,2944.0,16376.0,17.97752808988764,3.227771010962241,3136.75390625,30907.70703125,10.148775847650256,65.0,38.0
1786558887.1996226,98.0,2944.0,16376.0,17.97752808988764,3.226788432267884,3140.046875,30907.70703125,10.159430047092068,64.56,38.0
1786558888.2267966,98.0,2944.0,16376.0,17.97752808988764,3.2612008533983543,3155.0625,30907.70703125,10.208012185472045,64.6,38.0
1786558889.2538111,98.0,2944.0,16376.0,17.97752808988764,3.253268470659775,3153.93359375,30907.70703125,10.204359678190096,64.65,38.0
1786558890.2796535,78.0,2944.0,16376.0,17.97752808988764,3.2542579075425793,3151.4765625,30907.70703125,10.196410103517618,64.4,38.0
1786558891.3054054,83.0,2944.0,16376.0,17.97752808988764,3.1697653154526058,3140.05859375,30907.70703125,10.159467962392572,64.53,38.0
1786558892.3361762,98.0,2944.0,16376.0,17.97752808988764,3.1982942430703623,3145.30859375,30907.70703125,10.176454017018662,64.11,38.0
1786558893.365407,98.0,2944.0,16376.0,17.97752808988764,3.5995160314579553,3144.55859375,30907.70703125,10.174027437786364,63.56,38.0
1786558894.3937273,74.0,2944.0,16376.0,17.97752808988764,3.2473444613050075,3140.828125,30907.70703125,10.161957733792377,63.98,37.0
1786558895.427239,99.0,2944.0,16376.0,17.97752808988764,3.250303766707169,3143.16796875,30907.70703125,10.16952815545981,81.32,38.0
1786558896.4533691,100.0,2944.0,16376.0,17.97752808988764,3.1750831569398246,3142.22265625,30907.70703125,10.166469654552433,96.26,40.0
1786558897.4785893,100.0,2944.0,16376.0,17.97752808988764,3.226788432267884,3139.27734375,30907.70703125,10.15694027569226,96.47,41.0
1786558898.5072901,100.0,2944.0,16376.0,17.97752808988764,3.292682926829268,3136.203125,30907.70703125,10.146993828526536,97.37,41.0
1786558899.5394938,100.0,2944.0,16376.0,17.97752808988764,3.217972070431087,3137.25,30907.70703125,10.150380928704953,100.79,41.0
1786558900.5701547,100.0,2944.0,16376.0,17.97752808988764,3.266787658802178,3152.30859375,30907.70703125,10.199102089853449,99.98,41.0
1786558901.598106,100.0,2944.0,16376.0,17.97752808988764,3.213094877235526,3148.4296875,30907.70703125,10.186552125386404,100.06,41.0
1786558902.6277602,100.0,2944.0,16376.0,17.97752808988764,3.1630170316301705,3150.0546875,30907.70703125,10.191809713723051,101.08,41.0
1786558903.6646438,100.0,2944.0,16376.0,17.97752808988764,3.246359223300971,3149.140625,30907.70703125,10.188852320283686,99.09,41.0
1786558904.6912653,100.0,2944.0,16376.0,17.97752808988764,3.2821439325504365,3149.1875,30907.70703125,10.189003981485707,100.92,41.0
1786558905.7172964,100.0,2944.0,16376.0,17.97752808988764,3.1963470319634704,3145.89453125,30907.70703125,10.178349782043895,100.66,41.0
1786558906.7433956,100.0,2944.0,16376.0,17.97752808988764,3.226788432267884,3151.30859375,30907.70703125,10.19586665087705,100.82,41.0
1786558907.771855,100.0,2944.0,16376.0,17.97752808988764,3.2582216808769795,3155.73828125,30907.70703125,10.210198634467814,100.97,42.0
1786558908.8105335,100.0,2944.0,16376.0,17.97752808988764,3.693611867998789,3152.0625,30907.70703125,10.198305868542851,101.12,41.0
1786558909.8369381,100.0,2944.0,16376.0,17.97752808988764,3.2490974729241877,3149.36328125,30907.70703125,10.189572710993277,99.82,41.0
1786558910.8630238,100.0,2944.0,16376.0,17.97752808988764,3.1963470319634704,3152.77734375,30907.70703125,10.200618701873635,101.29,42.0
1786558911.8901954,100.0,2944.0,16376.0,17.97752808988764,3.167834297898264,3156.66015625,30907.70703125,10.213181304774182,101.18,41.0
1786558912.9160116,100.0,2944.0,16376.0,17.97752808988764,3.253268470659775,3153.55078125,30907.70703125,10.203121111706944,100.65,41.0
1786558913.9429295,100.0,2944.0,16376.0,17.97752808988764,3.286670724284845,3151.64453125,30907.70703125,10.196953556158183,101.11,42.0
1786558914.9691327,99.0,2944.0,16376.0,17.97752808988764,3.31306990881459,3150.0234375,30907.70703125,10.19170860625504,97.7,41.0
1786558916.0012224,99.0,2944.0,16376.0,17.97752808988764,3.197320341047503,3169.7421875,30907.70703125,10.25550741857089,96.95,41.0
1786558917.0276673,100.0,2944.0,16376.0,17.97752808988764,3.2677760968229954,3148.5390625,30907.70703125,10.186906001524449,96.89,41.0
1786558918.0536642,98.0,2944.0,16376.0,17.97752808988764,3.581183611532625,3153.12890625,30907.70703125,10.201756160888776,72.39,38.0
1786558919.080114,98.0,2944.0,16376.0,17.97752808988764,3.227771010962241,3155.88671875,30907.70703125,10.210678894940873,65.78,38.0
1786558920.1095119,97.0,2944.0,16376.0,17.97752808988764,3.4671532846715327,3161.96875,30907.70703125,10.230356935902794,65.64,38.0
1786558921.137321,91.0,2944.0,16376.0,17.97752808988764,3.275705186533212,3167.42578125,30907.70703125,10.248012827504468,65.54,38.0
1786558922.1657412,90.0,2944.0,16376.0,17.97752808988764,3.22286409242931,3162.36328125,30907.70703125,10.231633417686451,65.33,38.0
1786558923.199132,89.0,2944.0,16376.0,17.97752808988764,3.4441087613293053,3161.18359375,30907.70703125,10.227816610768983,65.18,38.0
1786558924.2263825,97.0,3021.0,16376.0,18.44772838299951,3.338391502276176,3163.453125,30907.70703125,10.235159540633386,65.53,38.0
1786558925.2542727,87.0,3017.0,16376.0,18.423302393746948,3.2542579075425793,3174.109375,30907.70703125,10.269637187225628,65.95,38.0
1786558926.2826278,98.0,3010.0,16376.0,18.380556912554958,3.280680437424058,3179.02734375,30907.70703125,10.285548975004085,65.85,38.0
1786558927.3105168,98.0,3008.0,16376.0,18.368343917928676,3.250303766707169,3176.8359375,30907.70703125,10.278458813809713,65.56,38.0
1786558928.3366432,89.0,3005.0,16376.0,18.350024425989254,3.430479659987857,3174.640625,30907.70703125,10.271356014181839,65.58,38.0
1786558929.3628361,84.0,2983.0,16376.0,18.215681485100145,3.2572298325722984,3187.30078125,30907.70703125,10.312317177160379,65.64,38.0
1786558930.3904674,98.0,2955.0,16376.0,18.044699560332194,3.2572298325722984,3169.7578125,30907.70703125,10.255557972304894,65.76,38.0
1786558931.4177833,98.0,2954.0,16376.0,18.03859306301905,3.2522796352583585,3165.28125,30907.70703125,10.241074327512113,65.73,38.0
1786558932.4504182,98.0,2954.0,16376.0,18.03859306301905,3.223844282238443,3178.62890625,30907.70703125,10.284259854786928,65.79,38.0
1786558933.481648,98.0,2952.0,16376.0,18.02638006839277,3.237518910741301,3191.93359375,30907.70703125,10.327306359293223,65.59,38.0
1786558934.5126941,81.0,2954.0,16376.0,18.03859306301905,3.2717358376249623,3198.421875,30907.70703125,10.348298797339305,65.27,38.0
1786558935.5418804,98.0,2954.0,16376.0,18.03859306301905,3.3292978208232444,3185.234375,30907.70703125,10.305631445838056,65.58,38.0
1786558936.5680497,98.0,2954.0,16376.0,18.03859306301905,3.248330297510625,3180.22265625,30907.70703125,10.289416335655561,65.26,38.0
1786558937.602535,79.0,2954.0,16376.0,18.03859306301905,3.197320341047503,3175.84375,30907.70703125,10.275248651700318,65.36,38.0
1786558938.63454,78.0,2944.0,16376.0,17.97752808988764,3.8218477279566656,3176.859375,30907.70703125,10.278534644410723,65.03,38.0
1786558939.6631513,98.0,2954.0,16376.0,18.03859306301905,3.2980332829046897,3176.2578125,30907.70703125,10.276588325651483,65.31,38.0
1786558940.693347,98.0,2954.0,16376.0,18.03859306301905,3.2209054998480706,3167.32421875,30907.70703125,10.247684228233426,65.1,38.0
1786558941.722507,76.0,2954.0,16376.0,18.03859306301905,3.2737193088814793,3156.73828125,30907.70703125,10.213434073444212,65.24,38.0
1786558942.7516508,98.0,2952.0,16376.0,18.02638006839277,3.218949286365017,3164.37890625,30907.70703125,10.238154849373254,65.26,38.0
1786558943.7790067,84.0,2944.0,16376.0,17.97752808988764,3.1885818402672337,3166.0390625,30907.70703125,10.243526183611415,65.3,38.0
1786558944.8102708,3.0,2954.0,16376.0,18.03859306301905,0.9425357251444207,2495.95703125,30907.70703125,8.075516662321151,54.3,37.0
