timestamp,gpu_util_pct,gpu_memory_used_mib,gpu_memory_total_mib,gpu_memory_util_pct,cpu_util_pct,memory_used_mib,memory_total_mib,memory_util_pct,gpu_power_w,gpu_temperature_c
1786812496.0692148,2.0,14675.0,16376.0,89.61284807034686,9.170305676855895,3024.18359375,30907.7109375,9.784560234387303,50.46,44.0
1786812497.1037917,6.0,14671.0,16376.0,89.5884220810943,3.208232445520581,3123.33984375,30907.7109375,10.10537418984492,18.66,43.0
1786812498.147983,8.0,14671.0,16376.0,89.5884220810943,3.382663847780127,3145.52734375,30907.7109375,10.177160483061089,14.53,42.0
1786812499.1825936,10.0,14675.0,16376.0,89.61284807034686,3.5543608124253288,3164.390625,30907.7109375,10.238191470726738,14.93,42.0
1786812500.217271,12.0,14675.0,16376.0,89.61284807034686,8.805790108564535,3234.48828125,30907.7109375,10.464988131248598,14.35,42.0
1786812501.2518332,13.0,14671.0,16376.0,89.5884220810943,3.261854424645122,3436.97265625,30907.7109375,11.120113887437576,11.41,42.0
1786812502.2895098,18.0,14678.0,16376.0,89.63116756228628,3.3816425120772946,3510.22265625,30907.7109375,11.357109762506171,9.39,41.0
1786812503.3233943,95.0,14682.0,16376.0,89.65559355153884,3.8241493526046373,3525.01953125,30907.7109375,11.404984142559488,163.21,58.0
1786812504.3909478,90.0,15595.0,16376.0,95.23082559843674,3.203384708371109,3520.5703125,30907.7109375,11.390588968620543,153.96,45.0
1786812505.4389434,100.0,15978.0,16376.0,97.56961406936982,3.278688524590164,3515.46484375,30907.7109375,11.374070538121682,134.26,47.0
1786812506.4743702,100.0,15974.0,16376.0,97.54518808011724,3.1911720847002685,3527.7265625,30907.7109375,11.413742575869138,66.72,45.0
1786812507.5182061,100.0,15978.0,16376.0,97.56961406936982,3.3202535466344703,3535.73828125,30907.7109375,11.439663999704766,73.48,45.0
1786812508.5544531,100.0,15978.0,16376.0,97.56961406936982,3.2325651002693805,3532.73828125,30907.7109375,11.429957684002298,73.97,46.0
1786812509.6043835,99.0,15974.0,16376.0,97.54518808011724,3.1966224366706877,3516.015625,30907.7109375,11.375852557020181,73.93,45.0
1786812510.6373882,99.0,15974.0,16376.0,97.54518808011724,3.3323415650104136,3524.2265625,30907.7109375,11.402418540882927,68.55,45.0
1786812511.67096,100.0,15978.0,16376.0,97.56961406936982,3.356516480193529,3519.96875,30907.7109375,11.388642650107288,73.8,45.0
1786812512.7158647,100.0,15978.0,16376.0,97.56961406936982,3.2960387057756275,3534.00390625,30907.7109375,11.434052535939276,73.91,49.0
1786812513.7462022,100.0,15976.0,16376.0,97.55740107474352,3.757828810020877,3541.12109375,30907.7109375,11.45707975886883,73.77,45.0
1786812514.7773092,100.0,15976.0,16376.0,97.55740107474352,3.3060357901122233,3522.546875,30907.7109375,11.396984015164097,66.91,45.0
1786812515.809471,100.0,15980.0,16376.0,97.5818270639961,3.569267997580157,3518.75,30907.7109375,11.384699459353161,73.81,46.0
1786812516.8650358,85.0,15976.0,16376.0,97.55740107474352,3.0606060606060606,3522.85546875,30907.7109375,11.397982451284532,71.43,45.0
1786812517.9165814,100.0,15976.0,16376.0,97.55740107474352,3.2544378698224854,3516.03125,30907.7109375,11.375903110747798,63.5,44.0
1786812518.950565,100.0,15976.0,16376.0,97.55740107474352,3.2382650029708855,3520.6015625,30907.7109375,11.390690076075776,74.32,45.0
1786812519.9816692,100.0,15980.0,16376.0,97.5818270639961,3.204353083434099,3517.296875,30907.7109375,11.379997962684776,66.63,45.0
1786812521.014293,100.0,15980.0,16376.0,97.5818270639961,3.3595641646489103,3512.015625,30907.7109375,11.362910802750225,73.68,45.0
1786812522.0434258,94.0,15976.0,16376.0,97.55740107474352,3.148652739933394,3526.6953125,30907.7109375,11.410406029846415,73.19,45.0
1786812523.095855,100.0,15976.0,16376.0,97.55740107474352,3.217972070431087,3524.94921875,30907.7109375,11.404756650785213,68.19,45.0
1786812524.1309435,100.0,15984.0,16376.0,97.60625305324866,3.265063817156426,3518.19921875,30907.7109375,11.38291744045466,74.12,45.0
1786812525.158385,100.0,15984.0,16376.0,97.60625305324866,3.465943339361061,3517.10546875,30907.7109375,11.379378679521468,66.7,44.0
1786812526.2112834,100.0,15981.0,16376.0,97.58793356130924,3.1934306569343067,3514.68359375,30907.7109375,11.37154285174083,74.18,44.0
1786812527.2403095,99.0,15986.0,16376.0,97.61846604787495,3.234421364985163,3511.05859375,30907.7109375,11.359814386933682,67.82,44.0
1786812528.303879,100.0,15986.0,16376.0,97.61846604787495,3.4608378870673953,3497.62109375,30907.7109375,11.316338181183044,73.67,44.0
1786812529.338112,94.0,15981.0,16376.0,97.58793356130924,3.4675286511901264,3508.84375,30907.7109375,11.352648396043968,73.29,44.0
1786812530.377817,100.0,15981.0,16376.0,97.58793356130924,3.3534743202416917,3520.59765625,30907.7109375,11.390677437643873,66.44,44.0
1786812531.4417026,1.0,15983.0,16376.0,97.60014655593552,2.9155395250976857,3515.75,30907.7109375,11.374993143650691,66.37,44.0
1786812532.4904268,6.0,15979.0,16376.0,97.57572056668296,3.3480176211453743,3513.1796875,30907.7109375,11.366677055457693,57.06,44.0
1786812533.5237591,100.0,15983.0,16376.0,97.60014655593552,3.189269746646796,3510.73046875,30907.7109375,11.358752758653724,59.44,44.0
1786812534.5539243,100.0,15983.0,16376.0,97.60014655593552,3.2960387057756275,3491.9375,30907.7109375,11.297949262762351,72.94,44.0
1786812535.5932715,100.0,15983.0,16376.0,97.60014655593552,3.5714285714285716,3492.12109375,30907.7109375,11.298543269061852,73.89,44.0
1786812536.624732,98.0,15983.0,16376.0,97.60014655593552,3.18796992481203,3489.796875,30907.7109375,11.291023402078821,70.17,44.0
1786812537.6574824,100.0,15979.0,16376.0,97.57572056668296,3.2111481369282036,3504.68359375,30907.7109375,11.339188466065938,73.81,44.0
1786812538.6960418,100.0,15979.0,16376.0,97.57572056668296,3.1779661016949152,3488.82421875,30907.7109375,11.28787643253466,66.67,44.0
1786812539.729963,100.0,15983.0,16376.0,97.60014655593552,3.219981944026482,3485.57421875,30907.7109375,11.27736125719032,70.5,44.0
1786812540.7580688,100.0,15983.0,16376.0,97.60014655593552,3.321256038647343,3484.5546875,30907.7109375,11.274062626463309,66.75,44.0
1786812541.8060389,100.0,16003.0,16376.0,97.72227650219834,3.1620553359683794,3486.3515625,30907.7109375,11.279876305139267,73.76,45.0
1786812542.838481,100.0,16003.0,16376.0,97.72227650219834,3.249850924269529,3486.47265625,30907.7109375,11.280268096528298,66.78,44.0
1786812543.8726447,100.0,16007.0,16376.0,97.7467024914509,3.540090771558245,3473.359375,30907.7109375,11.237840880625713,74.58,46.0
1786812544.902059,100.0,16007.0,16376.0,97.7467024914509,3.4108059160881377,3468.40625,30907.7109375,11.221815348971118,66.39,44.0
1786812545.932083,100.0,16003.0,16376.0,97.72227650219834,3.4252803879963625,3474.1875,30907.7109375,11.240520228189416,75.02,44.0
1786812546.9624376,100.0,16003.0,16376.0,97.72227650219834,3.245374582954201,3472.296875,30907.7109375,11.234403227147755,66.49,44.0
1786812547.9975088,100.0,16007.0,16376.0,97.7467024914509,3.2140691328077624,3471.5703125,30907.7109375,11.232052478813564,75.24,44.0
1786812549.031264,100.0,16007.0,16376.0,97.7467024914509,3.229701177180803,3468.53515625,30907.7109375,11.222232417223958,66.55,44.0
1786812550.0607097,62.0,16003.0,16376.0,97.72227650219834,3.324267150196434,3485.73046875,30907.7109375,11.27786679446649,126.64,50.0
1786812551.091439,62.0,16003.0,16376.0,97.72227650219834,3.4283980582524274,3485.87109375,30907.7109375,11.278321778015044,134.58,47.0
1786812552.1243856,67.0,16007.0,16376.0,97.7467024914509,3.4232050893668586,3495.61328125,30907.7109375,11.309842027184255,133.4,47.0
1786812553.1581447,42.0,16003.0,16376.0,97.72227650219834,3.5358114233907525,3484.11328125,30907.7109375,11.272634483658129,125.31,47.0
1786812554.1901333,59.0,16003.0,16376.0,97.72227650219834,3.3847083711090966,3485.8046875,30907.7109375,11.27810692467267,130.49,47.0
1786812555.2194862,46.0,16007.0,16376.0,97.7467024914509,3.688029020556227,3488.8359375,30907.7109375,11.287914347830373,114.54,47.0
1786812556.2537556,95.0,16007.0,16376.0,97.7467024914509,3.3100516246583664,3489.61328125,30907.7109375,11.29042939577932,129.89,51.0
1786812557.3057277,100.0,16003.0,16376.0,97.72227650219834,3.2628398791540785,3486.859375,30907.7109375,11.28151930128682,110.89,44.0
1786812558.337275,100.0,16003.0,16376.0,97.72227650219834,3.3273915626856803,3483.93359375,30907.7109375,11.272053115790532,66.81,44.0
1786812559.391601,100.0,16007.0,16376.0,97.7467024914509,3.3626173886701,3485.7578125,30907.7109375,11.277955263489819,73.86,44.0
1786812560.422424,94.0,16007.0,16376.0,97.7467024914509,3.259259259259259,3489.1796875,30907.7109375,11.289026529837948,71.03,44.0
1786812561.4589062,100.0,16002.0,16376.0,97.7161700048852,3.272727272727273,3489.83984375,30907.7109375,11.291162424829766,69.66,44.0
1786812562.494303,98.0,16003.0,16376.0,97.72227650219834,3.2248342374924652,3489.3984375,30907.7109375,11.289734282024586,72.3,44.0
1786812563.528751,100.0,16007.0,16376.0,97.7467024914509,3.1995170540295805,3496.54296875,30907.7109375,11.31284997397747,68.38,43.0
1786812564.5807533,98.0,16007.0,16376.0,97.7467024914509,3.260869565217391,3481.29296875,30907.7109375,11.263509535823255,74.14,44.0
1786812565.6166282,100.0,16003.0,16376.0,97.72227650219834,3.2689450222882614,3481.64453125,30907.7109375,11.26464699469464,66.85,43.0
1786812566.6485715,100.0,16003.0,16376.0,97.72227650219834,3.255954175459753,3482.2890625,30907.7109375,11.266732335958842,74.5,44.0
1786812567.6952868,100.0,16007.0,16376.0,97.7467024914509,3.1808542865798244,3477.61328125,30907.7109375,11.251604132969447,66.64,43.0
1786812568.7303667,100.0,16007.0,16376.0,97.7467024914509,3.2816229116945106,3478.28515625,30907.7109375,11.25377794325698,75.12,43.0
1786812569.761539,100.0,16003.0,16376.0,97.72227650219834,3.171247357293869,3482.78125,30907.7109375,11.268324778378776,66.49,43.0
1786812570.79333,100.0,16003.0,16376.0,97.72227650219834,3.212121212121212,3485.59375,30907.7109375,11.277424449349843,74.69,43.0
1786812571.8227048,100.0,16007.0,16376.0,97.7467024914509,3.330305782621859,3481.09375,30907.7109375,11.262864975796138,66.86,43.0
1786812572.8544476,100.0,16007.0,16376.0,97.7467024914509,3.399089529590288,3482.453125,30907.7109375,11.26726315009882,74.64,43.0
1786812573.8878508,100.0,16003.0,16376.0,97.72227650219834,3.4242424242424243,3476.85546875,30907.7109375,11.249152277180022,66.82,43.0
1786812574.9236672,100.0,16003.0,16376.0,97.72227650219834,3.206291591046582,3476.28125,30907.7109375,11.247294427690097,74.24,45.0
1786812575.9512112,100.0,16007.0,16376.0,97.7467024914509,3.6658653846153846,3476.1796875,30907.7109375,11.246965828460585,67.17,43.0
1786812576.9878004,100.0,16007.0,16376.0,97.7467024914509,3.1934306569343067,3475.87109375,30907.7109375,11.24596739234015,74.15,44.0
1786812578.018359,98.0,16003.0,16376.0,97.72227650219834,3.225806451612903,3478.2890625,30907.7109375,11.253790581688884,74.15,43.0
1786812579.051538,100.0,16003.0,16376.0,97.72227650219834,3.1553398058252426,3481.78515625,30907.7109375,11.265101978243191,68.51,43.0
1786812580.0898256,100.0,16007.0,16376.0,97.7467024914509,3.235560931357726,3474.1953125,30907.7109375,11.240545505053225,74.43,43.0
1786812581.1213882,100.0,16003.0,16376.0,97.72227650219834,3.1908488862131246,3472.90234375,30907.7109375,11.236362184092915,66.6,43.0
1786812582.1534007,100.0,16003.0,16376.0,97.72227650219834,3.1515151515151514,3472.8671875,30907.7109375,11.236248438205777,74.48,43.0
1786812583.192364,100.0,16007.0,16376.0,97.7467024914509,3.2092037541628824,3469.9375,30907.7109375,11.226769614277586,66.74,43.0
1786812584.2265368,100.0,16007.0,16376.0,97.7467024914509,3.2190132370637787,3484.96484375,30907.7109375,11.275389661813257,74.95,43.0
1786812585.2599244,100.0,16003.0,16376.0,97.72227650219834,3.4097767048883525,3474.65625,30907.7109375,11.242036840017926,66.75,43.0
1786812586.2967556,100.0,16003.0,16376.0,97.72227650219834,3.323262839879154,3473.08203125,30907.7109375,11.236943551960511,74.67,43.0
1786812587.3285253,100.0,16007.0,16376.0,97.7467024914509,3.253992166315155,3470.6796875,30907.7109375,11.229170916339394,67.22,43.0
1786812588.3787067,100.0,16009.0,16376.0,97.75891548607719,3.4211323039660915,3467.39453125,30907.7109375,11.218541995107916,74.29,43.0
1786812589.410856,100.0,16004.0,16376.0,97.72838299951148,3.4195658638120725,3470.51171875,30907.7109375,11.228627463767511,66.79,43.0
1786812590.4480677,100.0,16014.0,16376.0,97.78944797264289,3.238498789346247,3475.6640625,30907.7109375,11.245297555449223,73.96,43.0
1786812591.481843,100.0,16012.0,16376.0,97.77723497801661,3.281155930162553,3475.51171875,30907.7109375,11.244804656604957,66.46,43.0
1786812592.5179937,100.0,16012.0,16376.0,97.77723497801661,3.204353083434099,3479.94140625,30907.7109375,11.259136638384385,73.52,43.0
1786812593.552378,100.0,16008.0,16376.0,97.75280898876404,3.226779252110977,3482.625,30907.7109375,11.267819241102607,66.18,43.0
1786812594.5885475,100.0,16014.0,16376.0,97.78944797264289,3.2316520688613712,3478.68359375,30907.7109375,11.255067063311214,74.16,44.0
1786812595.622889,100.0,16007.0,16376.0,97.7467024914509,3.3755274261603376,3471.5,30907.7109375,11.231824987039287,66.08,43.0
1786812596.6549754,100.0,16007.0,16376.0,97.7467024914509,3.2326283987915407,3473.80078125,30907.7109375,11.239269023430895,74.17,44.0
1786812597.6882875,100.0,16003.0,16376.0,97.72227650219834,3.238498789346247,3476.80859375,30907.7109375,11.24900061599717,66.06,43.0
1786812598.7234104,100.0,16003.0,16376.0,97.72227650219834,3.234582829504232,3475.96484375,30907.7109375,11.246270714705851,73.91,43.0
1786812599.7595153,100.0,16013.0,16376.0,97.78334147532975,3.171247357293869,3478.0625,30907.7109375,11.253057552638438,65.94,43.0
1786812600.796582,100.0,16013.0,16376.0,97.78334147532975,3.197586726998492,3482.5234375,30907.7109375,11.267490641873097,73.86,43.0
1786812601.8359237,100.0,16013.0,16376.0,97.78334147532975,3.3112582781456954,3489.61328125,30907.7109375,11.29042939577932,66.21,42.0
1786812602.8823845,100.0,16013.0,16376.0,97.78334147532975,3.2161106101593027,3491.28515625,30907.7109375,11.295838644634342,74.77,43.0
1786812603.9303339,100.0,16013.0,16376.0,97.78334147532975,3.5810205908683974,3482.890625,30907.7109375,11.268678654472096,66.28,42.0
1786812604.9610271,100.0,16013.0,16376.0,97.78334147532975,3.249850924269529,3480.57421875,30907.7109375,11.261184064352873,66.66,42.0
1786812605.9924574,100.0,16008.0,16376.0,97.75280898876404,3.5411622276029058,3479.37109375,30907.7109375,11.257291427326363,73.97,44.0
1786812607.021517,100.0,16008.0,16376.0,97.75280898876404,3.1818181818181817,3483.07421875,30907.7109375,11.269272660771597,66.45,42.0
1786812608.0541313,100.0,16013.0,16376.0,97.78334147532975,3.217972070431087,3473.7421875,30907.7109375,11.239079446952331,74.33,43.0
1786812609.0943944,100.0,16013.0,16376.0,97.78334147532975,3.2960387057756275,3470.328125,30907.7109375,11.228033457468012,65.9,42.0
1786812610.134196,95.0,16008.0,16376.0,97.75280898876404,3.21417843196155,3474.41015625,30907.7109375,11.241240618807959,73.46,42.0
1786812611.1844175,100.0,16013.0,16376.0,97.78334147532975,3.215144230769231,3476.8046875,30907.7109375,11.248987977565267,66.85,42.0
1786812612.213304,100.0,16013.0,16376.0,97.78334147532975,3.2133293662600417,3473.6328125,30907.7109375,11.23872557085901,66.12,42.0
1786812613.2439446,100.0,16008.0,16376.0,97.75280898876404,3.218949286365017,3473.859375,30907.7109375,11.239458599909458,73.24,42.0
1786812614.2710426,100.0,16008.0,16376.0,97.75280898876404,3.213094877235526,3469.54296875,30907.7109375,11.225493132655256,66.17,42.0
1786812615.3132796,100.0,16013.0,16376.0,97.78334147532975,3.3444816053511706,3474.97265625,30907.7109375,11.24306055300217,73.96,42.0
1786812616.3500392,100.0,16013.0,16376.0,97.78334147532975,3.1503150315031503,3481.69921875,30907.7109375,11.2648239327413,66.17,42.0
1786812617.385481,100.0,16008.0,16376.0,97.75280898876404,3.253992166315155,3494.5859375,30907.7109375,11.306518119593436,71.63,42.0
1786812618.4286842,100.0,16008.0,16376.0,97.75280898876404,3.3494266747133374,3496.33203125,30907.7109375,11.31216749865464,66.82,42.0
1786812619.4928463,100.0,16013.0,16376.0,97.78334147532975,3.3542976939203353,3496.62109375,30907.7109375,11.313102742615554,65.94,42.0
1786812620.5274448,98.0,16013.0,16376.0,97.78334147532975,3.2011747430249633,3494.3671875,30907.7109375,11.3058103674068,73.62,42.0
1786812621.579524,100.0,16009.0,16376.0,97.75891548607719,3.2014497130776203,3494.2578125,30907.7109375,11.30545649131348,67.26,42.0
1786812622.6124005,100.0,16009.0,16376.0,97.75891548607719,3.236342042755344,3497.87109375,30907.7109375,11.317147040824915,66.21,42.0
1786812623.6489198,100.0,16013.0,16376.0,97.78334147532975,3.206291591046582,3495.57421875,30907.7109375,11.309715642865212,73.84,42.0
1786812624.6790042,100.0,16013.0,16376.0,97.78334147532975,3.225806451612903,3494.30859375,30907.7109375,11.305620790928234,65.88,42.0
1786812625.7135866,100.0,16008.0,16376.0,97.75280898876404,3.483792790063617,3489.96484375,30907.7109375,11.291566854650704,73.94,42.0
1786812626.7560186,100.0,16008.0,16376.0,97.75280898876404,3.2014497130776203,3491.1171875,30907.7109375,11.295295192062458,65.95,42.0
1786812627.7958653,98.0,16013.0,16376.0,97.78334147532975,3.1784107946026987,3488.0,30907.7109375,11.285209723402863,71.98,42.0
1786812628.8452868,100.0,16013.0,16376.0,97.78334147532975,3.2732732732732734,3489.90234375,30907.7109375,11.291364639740236,68.15,42.0
1786812629.8752277,100.0,16008.0,16376.0,97.75280898876404,3.187369675305332,3493.19140625,30907.7109375,11.302006199403618,66.69,42.0
1786812630.9091606,100.0,16008.0,16376.0,97.75280898876404,3.244390539721043,3497.96484375,30907.7109375,11.317450363190618,74.26,42.0
1786812631.956358,100.0,16013.0,16376.0,97.78334147532975,3.204353083434099,3483.7109375,30907.7109375,11.27133272517199,65.99,42.0
1786812633.0077116,100.0,16013.0,16376.0,97.78334147532975,3.250820161049806,3484.22265625,30907.7109375,11.272988359751448,74.79,42.0
1786812634.0821764,100.0,16008.0,16376.0,97.75280898876404,3.5926365795724466,3485.27734375,30907.7109375,11.276400736365597,67.07,42.0
1786812635.114974,100.0,16013.0,16376.0,97.78334147532975,3.3711130485324032,3485.48046875,30907.7109375,11.277057934824617,66.66,42.0
1786812636.1592727,100.0,16013.0,16376.0,97.78334147532975,3.330305782621859,3490.66015625,30907.7109375,11.29381649552966,74.4,43.0
1786812637.1963303,100.0,16008.0,16376.0,97.75280898876404,3.1736526946107784,3492.3046875,30907.7109375,11.299137275361351,66.56,42.0
1786812638.234313,100.0,16008.0,16376.0,97.75280898876404,3.3724781692261367,3501.375,30907.7109375,11.328483714243033,66.44,42.0
1786812639.2818792,100.0,16013.0,16376.0,97.78334147532975,3.220951234196267,3500.38671875,30907.7109375,11.325286190971257,73.6,42.0
1786812640.312747,100.0,16013.0,16376.0,97.78334147532975,3.2816229116945106,3500.9375,30907.7109375,11.327068209869756,66.93,42.0
1786812641.3445187,100.0,16008.0,16376.0,97.75280898876404,3.3333333333333335,3491.4921875,30907.7109375,11.296508481525267,74.43,42.0
1786812642.3792338,100.0,16014.0,16376.0,97.78944797264289,3.330305782621859,3490.8515625,30907.7109375,11.294435778692968,66.42,42.0
1786812643.4124422,100.0,16017.0,16376.0,97.80776746458231,3.2336053188274403,3495.4609375,30907.7109375,11.30934912833999,74.64,45.0
1786812644.5072188,100.0,16012.0,16376.0,97.77723497801661,3.354487760652765,3496.95703125,30907.7109375,11.314189647759319,66.84,42.0
1786812645.5568166,98.0,16007.0,16376.0,97.7467024914509,3.4246575342465753,3494.3984375,30907.7109375,11.305911474862032,74.59,42.0
1786812646.5981894,100.0,16007.0,16376.0,97.7467024914509,3.3045549270616257,3497.93359375,30907.7109375,11.317349255735383,66.49,42.0
1786812647.6386127,100.0,16011.0,16376.0,97.77112848070347,3.2132132132132134,3496.640625,30907.7109375,11.313165934775075,74.87,42.0
1786812648.6755545,100.0,15998.0,16376.0,97.69174401563264,3.362353647553287,3495.3359375,30907.7109375,11.308944698519054,66.41,42.0
1786812649.7190142,100.0,15994.0,16376.0,97.66731802638007,3.7860576923076925,3493.546875,30907.7109375,11.303156296706906,74.89,42.0
1786812650.7661016,100.0,15994.0,16376.0,97.66731802638007,3.2035928143712575,3500.28515625,30907.7109375,11.324957591741745,66.34,42.0
1786812651.7980433,100.0,15998.0,16376.0,97.69174401563264,3.2845625559868616,3498.69921875,30907.7109375,11.319826388388618,73.96,42.0
1786812652.8374538,100.0,15998.0,16376.0,97.69174401563264,3.2092037541628824,3514.18359375,30907.7109375,11.369925132457086,66.5,42.0
1786812653.8810678,100.0,15994.0,16376.0,97.66731802638007,3.2170775706554418,3529.1875,30907.7109375,11.418469349401331,73.97,42.0
1786812654.918695,100.0,15994.0,16376.0,97.66731802638007,3.2943995208146153,3527.265625,30907.7109375,11.412251240904435,66.1,41.0
1786812655.971604,100.0,15998.0,16376.0,97.69174401563264,3.40258958145137,3532.046875,30907.7109375,11.427720681555245,74.08,42.0
1786812657.0234525,100.0,15998.0,16376.0,97.69174401563264,3.3531157270029674,3527.30078125,30907.7109375,11.412364986791575,65.69,41.0
1786812658.0666773,100.0,15994.0,16376.0,97.66731802638007,3.3551068883610453,3522.3125,30907.7109375,11.39622570924984,73.99,43.0
1786812659.1047597,100.0,15998.0,16376.0,97.69174401563264,3.2064728798321847,3521.6484375,30907.7109375,11.394077175826117,66.01,41.0
1786812660.1364987,100.0,15998.0,16376.0,97.69174401563264,3.339350180505415,3520.5625,30907.7109375,11.390563691756734,74.21,41.0
1786812661.1730437,100.0,16006.0,16376.0,97.74059599413776,3.2697547683923704,3517.1875,30907.7109375,11.379644086591458,66.33,41.0
1786812662.206909,100.0,16006.0,16376.0,97.74059599413776,3.4046399517927086,3509.4296875,30907.7109375,11.354544160829606,74.91,42.0
1786812663.2544806,100.0,16003.0,16376.0,97.72227650219834,3.145795523290986,3512.84765625,30907.7109375,11.36560278874583,66.53,41.0
1786812664.2875652,96.0,16003.0,16376.0,97.72227650219834,3.691574873474248,3500.2421875,30907.7109375,11.324818568990798,74.76,43.0
1786812665.319662,100.0,16003.0,16376.0,97.72227650219834,3.177004538577912,3491.5,30907.7109375,11.296533758389076,68.09,41.0
1786812666.3576045,100.0,15998.0,16376.0,97.69174401563264,3.595166163141994,3482.9609375,30907.7109375,11.268906146246373,72.2,41.0
1786812667.4056869,100.0,16003.0,16376.0,97.72227650219834,3.2821439325504365,3477.296875,30907.7109375,11.250580419985203,67.39,41.0
1786812668.448263,100.0,16003.0,16376.0,97.72227650219834,3.2200357781753133,3491.6953125,30907.7109375,11.297165679984287,66.74,41.0
1786812669.4854863,100.0,15999.0,16376.0,97.69785051294578,3.205512282804074,3495.3671875,30907.7109375,11.309045805974288,68.45,41.0
1786812670.5257545,100.0,15999.0,16376.0,97.69785051294578,3.252032520325203,3510.296875,30907.7109375,11.357349892712351,66.56,41.0
1786812671.5808842,100.0,16003.0,16376.0,97.72227650219834,3.3353365384615383,3510.18359375,30907.7109375,11.35698337818713,73.62,41.0
1786812672.6110237,100.0,16003.0,16376.0,97.72227650219834,3.259259259259259,3507.25,30907.7109375,11.347491915827032,66.59,41.0
1786812673.641645,100.0,15999.0,16376.0,97.69785051294578,3.2150439793751895,3504.9375,30907.7109375,11.340009964139714,74.21,42.0
1786812674.6723769,100.0,15999.0,16376.0,97.69785051294578,3.1837477258944813,3503.6484375,30907.7109375,11.33583928161131,66.61,41.0
1786812675.7060928,100.0,16003.0,16376.0,97.72227650219834,3.3949681721733858,3489.59375,30907.7109375,11.290366203619799,74.26,43.0
1786812676.76099,100.0,16003.0,16376.0,97.72227650219834,3.234582829504232,3489.23828125,30907.7109375,11.28921610631651,66.07,41.0
1786812677.7925122,100.0,15999.0,16376.0,97.69785051294578,3.199052132701422,3485.2734375,30907.7109375,11.276388097933692,74.34,41.0
1786812678.823372,100.0,15999.0,16376.0,97.69785051294578,3.3615990308903694,3479.87109375,30907.7109375,11.258909146610108,65.65,41.0
1786812679.8578413,94.0,16003.0,16376.0,97.72227650219834,3.364655956350409,3494.7109375,30907.7109375,11.306922549414374,114.56,41.0
1786812680.8884468,51.0,16003.0,16376.0,97.72227650219834,3.500301750150875,3481.53125,30907.7109375,11.264280480169415,123.56,45.0
1786812681.9173179,62.0,16014.0,16376.0,97.78944797264289,3.364655956350409,3484.6875,30907.7109375,11.274492333148054,131.53,45.0
1786812682.9508274,52.0,16015.0,16376.0,97.79555446995603,3.4294385432473447,3480.625,30907.7109375,11.26134836396763,119.46,45.0
1786812683.978985,66.0,15996.0,16376.0,97.67953102100635,3.2960387057756275,3483.18359375,30907.7109375,11.269626536864916,112.82,43.0
1786812685.0109146,43.0,15996.0,16376.0,97.67953102100635,3.3707865168539324,3487.95703125,30907.7109375,11.285070700651916,102.61,44.0
1786812686.0544624,64.0,15992.0,16376.0,97.65510503175379,3.508771929824561,3492.46875,30907.7109375,11.29966808950133,112.8,44.0
1786812687.0861764,41.0,15992.0,16376.0,97.65510503175379,3.3243486073674755,3494.3515625,30907.7109375,11.305759813679181,108.3,43.0
1786812688.1264462,100.0,15996.0,16376.0,97.67953102100635,3.388804841149773,3492.81640625,30907.7109375,11.300792909940808,134.34,49.0
1786812689.1652896,100.0,15992.0,16376.0,97.65510503175379,3.21417843196155,3490.19140625,30907.7109375,11.29229988370115,66.13,42.0
1786812690.2061357,100.0,15992.0,16376.0,97.65510503175379,3.2471437161755863,3489.76171875,30907.7109375,11.290909656191682,74.12,42.0
1786812691.2458808,100.0,15996.0,16376.0,97.67953102100635,3.1831831831831834,3493.23046875,30907.7109375,11.30213258372266,66.15,41.0
1786812692.28435,98.0,15996.0,16376.0,97.67953102100635,3.3313325330132053,3500.5546875,30907.7109375,11.32582964354314,73.08,43.0
1786812693.3184032,100.0,15992.0,16376.0,97.65510503175379,3.2490974729241877,3502.96875,30907.7109375,11.333640194459969,66.77,41.0
1786812694.3554716,100.0,15992.0,16376.0,97.65510503175379,3.5347432024169185,3500.62109375,30907.7109375,11.32604449688551,71.47,41.0
1786812695.395565,100.0,15996.0,16376.0,97.67953102100635,3.2821439325504365,3506.71875,30907.7109375,11.345773089088054,66.78,41.0
1786812696.4270277,100.0,15996.0,16376.0,97.67953102100635,3.4782608695652173,3508.00390625,30907.7109375,11.349931133184555,66.19,41.0
1786812697.4765658,100.0,15992.0,16376.0,97.65510503175379,3.1534263189812006,3506.609375,30907.7109375,11.345419212994734,68.13,41.0
1786812698.507565,100.0,15992.0,16376.0,97.65510503175379,3.244047619047619,3510.5859375,30907.7109375,11.358285136673267,66.31,41.0
1786812699.5669975,100.0,15996.0,16376.0,97.67953102100635,3.213094877235526,3508.1796875,30907.7109375,11.350499862620245,73.14,41.0
1786812700.6010575,100.0,15996.0,16376.0,97.67953102100635,3.185840707964602,3510.1640625,30907.7109375,11.356920186027606,66.48,41.0
1786812701.6513007,100.0,15992.0,16376.0,97.65510503175379,3.203384708371109,3502.796875,30907.7109375,11.333084103456182,73.22,42.0
1786812702.6803558,100.0,15992.0,16376.0,97.65510503175379,3.2133293662600417,3503.38671875,30907.7109375,11.334992506673725,66.53,41.0
1786812703.711515,100.0,15996.0,16376.0,97.67953102100635,3.3070388349514563,3504.828125,30907.7109375,11.339656088046395,73.51,42.0
1786812704.7406845,100.0,15996.0,16376.0,97.67953102100635,3.182782661412549,3507.70703125,30907.7109375,11.34897061235983,66.21,41.0
1786812705.7724104,100.0,15992.0,16376.0,97.65510503175379,3.660012099213551,3513.828125,30907.7109375,11.368775035153798,74.45,42.0
1786812706.8041694,100.0,15992.0,16376.0,97.65510503175379,3.3020296879733415,3499.72265625,30907.7109375,11.323137657547534,66.14,41.0
1786812707.8465092,100.0,15996.0,16376.0,97.67953102100635,3.1808542865798244,3502.37109375,30907.7109375,11.331706514378617,74.22,41.0
1786812708.8906627,100.0,15996.0,16376.0,97.67953102100635,3.385260635110845,3507.171875,30907.7109375,11.347239147188947,66.01,41.0
1786812709.9195757,100.0,15992.0,16376.0,97.65510503175379,3.5297636853125933,3505.94140625,30907.7109375,11.343258041139107,74.05,41.0
1786812710.9719646,100.0,15992.0,16376.0,97.65510503175379,3.340419070756149,3503.1171875,30907.7109375,11.33412045487233,65.83,41.0
1786812712.0113356,100.0,15996.0,16376.0,97.67953102100635,3.1203566121842496,3500.84375,30907.7109375,11.326764887504053,73.71,41.0
1786812713.0502884,100.0,15996.0,16376.0,97.67953102100635,3.2742565334935416,3502.42578125,30907.7109375,11.331883452425277,65.97,41.0
1786812714.0806503,100.0,15992.0,16376.0,97.65510503175379,3.2791817087845967,3499.9296875,30907.7109375,11.323807494438459,74.12,41.0
1786812715.1175091,100.0,15996.0,16376.0,97.67953102100635,3.364655956350409,3498.77734375,30907.7109375,11.320079157026703,66.12,41.0
1786812716.1598713,98.0,15996.0,16376.0,97.67953102100635,3.3724781692261367,3491.6015625,30907.7109375,11.296862357618584,73.2,41.0
1786812717.1993566,100.0,15992.0,16376.0,97.65510503175379,3.179364127174565,3491.203125,30907.7109375,11.295573237564351,65.89,41.0
1786812718.251614,99.0,15992.0,16376.0,97.65510503175379,3.2451923076923075,3481.8828125,30907.7109375,11.265417939040798,72.74,42.0
1786812719.2838104,100.0,15996.0,16376.0,97.67953102100635,3.2076032076032077,3483.58203125,30907.7109375,11.270915656919149,66.56,41.0
1786812720.3147016,97.0,15996.0,16376.0,97.67953102100635,3.238498789346247,3485.79296875,30907.7109375,11.278069009376958,72.05,41.0
1786812721.3487198,100.0,16003.0,16376.0,97.72227650219834,3.1837477258944813,3485.9140625,30907.7109375,11.27846080076599,70.85,41.0
1786812722.3812547,91.0,16007.0,16376.0,97.7467024914509,3.351449275362319,3488.28125,30907.7109375,11.286119690499968,72.1,41.0
1786812723.4170713,100.0,16007.0,16376.0,97.7467024914509,3.2404603270745005,3488.05859375,30907.7109375,11.285399299881426,72.57,41.0
1786812724.4497876,100.0,16007.0,16376.0,97.7467024914509,3.5563592525617844,3483.83984375,30907.7109375,11.27174979342483,66.36,41.0
1786812725.4972768,100.0,16007.0,16376.0,97.7467024914509,3.327283726557774,3483.3046875,30907.7109375,11.270018328253947,72.31,41.0
1786812726.5352726,100.0,16003.0,16376.0,97.72227650219834,3.30849478390462,3487.72265625,30907.7109375,11.28431239473766,66.24,41.0
1786812727.5977037,100.0,16007.0,16376.0,97.7467024914509,3.3112582781456954,3491.40625,30907.7109375,11.296230436023373,74.01,41.0
1786812728.638128,100.0,16007.0,16376.0,97.7467024914509,3.35195530726257,3487.5859375,30907.7109375,11.283870049621012,66.29,41.0
1786812729.669704,100.0,16003.0,16376.0,97.72227650219834,3.361344537815126,3501.984375,30907.7109375,11.330455309620097,73.05,41.0
1786812730.6988137,100.0,16003.0,16376.0,97.72227650219834,3.1818181818181817,3501.2265625,30907.7109375,11.328003453830672,66.02,41.0
1786812731.7497525,100.0,16007.0,16376.0,97.7467024914509,3.1591737545565004,3501.3125,30907.7109375,11.328281499332563,73.22,41.0
1786812732.7790992,100.0,16007.0,16376.0,97.7467024914509,3.240190249702735,3504.44921875,30907.7109375,11.338430160151681,65.98,41.0
1786812733.8139713,100.0,16003.0,16376.0,97.72227650219834,3.3080424886191198,3503.63671875,30907.7109375,11.335801366315597,72.78,42.0
1786812734.8425217,100.0,16003.0,16376.0,97.72227650219834,3.2920567804288736,3503.359375,30907.7109375,11.334904037650393,65.83,41.0
1786812735.87318,100.0,16007.0,16376.0,97.7467024914509,3.3424491036159223,3496.63671875,30907.7109375,11.31315329634317,72.88,46.0
1786812736.9019666,100.0,16007.0,16376.0,97.7467024914509,3.275705186533212,3501.25390625,30907.7109375,11.328091922854,66.11,41.0
1786812737.9515636,100.0,16003.0,16376.0,97.72227650219834,3.218949286365017,3491.62890625,30907.7109375,11.296950826641917,73.37,41.0
1786812738.9809313,100.0,16003.0,16376.0,97.72227650219834,3.5385072851620576,3492.09375,30907.7109375,11.298454800038522,65.79,41.0
1786812740.0157444,100.0,16007.0,16376.0,97.7467024914509,3.4325637910085054,3489.99609375,30907.7109375,11.291667962105937,72.96,41.0
1786812741.0573719,100.0,16007.0,16376.0,97.7467024914509,3.2316520688613712,3486.96875,30907.7109375,11.281873177380138,65.7,41.0
1786812742.091846,100.0,16003.0,16376.0,97.72227650219834,3.2703270327032703,3487.9140625,30907.7109375,11.284931677900968,73.59,44.0
1786812743.1409771,100.0,16007.0,16376.0,97.7467024914509,3.203384708371109,3487.04296875,30907.7109375,11.28211330758632,65.85,41.0
1786812744.18081,100.0,16007.0,16376.0,97.7467024914509,3.2162001191185228,3488.16015625,30907.7109375,11.285727899110936,73.43,41.0
1786812745.2298396,100.0,16003.0,16376.0,97.72227650219834,3.364373685791529,3491.234375,30907.7109375,11.295674345019584,65.66,40.0
1786812746.2721708,100.0,16003.0,16376.0,97.72227650219834,3.2479141835518472,3492.84765625,30907.7109375,11.300894017396043,73.02,41.0
1786812747.3079917,100.0,16007.0,16376.0,97.7467024914509,3.2083958020989507,3494.203125,30907.7109375,11.30527955326682,65.58,40.0
1786812748.362302,100.0,16007.0,16376.0,97.7467024914509,3.2277526395173455,3494.3828125,30907.7109375,11.305860921134416,73.08,42.0
1786812749.3982706,100.0,16003.0,16376.0,97.72227650219834,3.261191817373258,3494.984375,30907.7109375,11.307807239647671,65.85,40.0
1786812750.4402406,100.0,16003.0,16376.0,97.72227650219834,3.3463973470003014,3498.96484375,30907.7109375,11.320685801758106,73.18,42.0
1786812751.4780324,100.0,16007.0,16376.0,97.7467024914509,3.1803180318031803,3511.62109375,30907.7109375,11.361634321127895,65.62,40.0
1786812752.522327,100.0,16007.0,16376.0,97.7467024914509,3.31225534477567,3508.0546875,30907.7109375,11.350095432799309,73.01,45.0
1786812753.5594618,100.0,16003.0,16376.0,97.72227650219834,3.1427716252618976,3508.14453125,30907.7109375,11.350386116733107,65.93,40.0
1786812754.603306,100.0,16003.0,16376.0,97.72227650219834,3.5240963855421685,3486.5234375,30907.7109375,11.280432396143054,73.99,40.0
1786812755.6386445,100.0,16007.0,16376.0,97.7467024914509,3.3223585752768634,3489.6875,30907.7109375,11.2906695259855,66.91,40.0
1786812756.673097,97.0,16007.0,16376.0,97.7467024914509,3.2316520688613712,3488.6796875,30907.7109375,11.287408810554203,73.74,41.0
1786812757.707819,100.0,16003.0,16376.0,97.72227650219834,3.3202535466344703,3500.296875,30907.7109375,11.324995507037459,66.58,40.0
1786812758.7413733,98.0,16003.0,16376.0,97.72227650219834,3.1722054380664653,3498.0546875,30907.7109375,11.317741047124416,73.13,41.0
1786812759.7781518,100.0,16007.0,16376.0,97.7467024914509,3.2628398791540785,3492.984375,30907.7109375,11.301336362512693,65.94,40.0
1786812760.8278232,99.0,16007.0,16376.0,97.7467024914509,3.1372549019607843,3495.68359375,30907.7109375,11.310069518958532,73.03,40.0
1786812761.862968,100.0,16003.0,16376.0,97.72227650219834,3.2142857142857144,3497.953125,30907.7109375,11.317412447894904,66.18,40.0
1786812762.8941379,98.0,16003.0,16376.0,97.72227650219834,3.229701177180803,3500.7265625,30907.7109375,11.326385734546927,72.98,40.0
1786812763.946905,100.0,16007.0,16376.0,97.7467024914509,3.2414419872765827,3504.1640625,30907.7109375,11.33750755462267,65.92,41.0
1786812764.9799821,100.0,16007.0,16376.0,97.7467024914509,3.176959619952494,3510.5390625,30907.7109375,11.358133475490416,74.04,40.0
1786812766.0140653,100.0,16003.0,16376.0,97.72227650219834,3.326277592984578,3520.40625,30907.7109375,11.390058154480565,66.06,41.0
1786812767.0617533,100.0,16003.0,16376.0,97.72227650219834,3.203384708371109,3517.4375,30907.7109375,11.38045294623333,73.91,40.0
1786812768.0967767,100.0,16007.0,16376.0,97.7467024914509,3.249850924269529,3511.62109375,30907.7109375,11.361634321127895,65.87,40.0
1786812769.1412196,98.0,16003.0,16376.0,97.72227650219834,3.4680337756332933,3524.51171875,30907.7109375,11.403341146411936,73.01,40.0
1786812770.1742823,100.0,16003.0,16376.0,97.72227650219834,3.2934131736526946,3506.18359375,30907.7109375,11.344041623917171,65.79,40.0
1786812771.2201042,100.0,16007.0,16376.0,97.7467024914509,3.2072617246596065,3497.1796875,30907.7109375,11.314910038377862,73.0,41.0
1786812772.2620497,100.0,16007.0,16376.0,97.7467024914509,3.254702896386981,3496.49609375,30907.7109375,11.312698312794618,66.11,40.0
1786812773.2921085,93.0,16003.0,16376.0,97.72227650219834,3.2983508245877062,3491.8984375,30907.7109375,11.29782287844331,73.17,42.0
1786812774.332555,100.0,16003.0,16376.0,97.72227650219834,3.244390539721043,3493.29296875,30907.7109375,11.302334798633128,66.6,40.0
1786812775.3677857,100.0,16007.0,16376.0,97.7467024914509,3.3013205282112845,3489.37890625,30907.7109375,11.289671089865065,73.85,42.0
1786812776.3995895,100.0,16007.0,16376.0,97.7467024914509,3.260869565217391,3496.6328125,30907.7109375,11.313140657911266,66.54,40.0
1786812777.449448,100.0,16003.0,16376.0,97.72227650219834,3.2394792612776264,3493.23828125,30907.7109375,11.302157860586469,73.22,42.0
1786812778.4902158,100.0,16003.0,16376.0,97.72227650219834,3.2142857142857144,3492.91796875,30907.7109375,11.30112150917032,65.85,40.0
1786812779.5437691,100.0,16007.0,16376.0,97.7467024914509,3.241296518607443,3493.875,30907.7109375,11.304217924986862,73.97,42.0
1786812780.5855277,100.0,16007.0,16376.0,97.7467024914509,3.232502965599051,3508.671875,30907.7109375,11.352092305040182,65.92,40.0
1786812781.6299603,100.0,16003.0,16376.0,97.72227650219834,3.2083958020989507,3506.25,30907.7109375,11.344256477259544,73.06,40.0
1786812782.6643004,100.0,16003.0,16376.0,97.72227650219834,3.2315978456014363,3503.6015625,30907.7109375,11.335687620428459,65.75,40.0
1786812783.70579,100.0,16011.0,16376.0,97.77112848070347,3.2306763285024154,3497.328125,30907.7109375,11.315390298790225,73.37,40.0
1786812784.7588658,100.0,16011.0,16376.0,97.77112848070347,3.4803480348034803,3513.890625,30907.7109375,11.368977250064265,65.87,40.0
1786812785.7962234,100.0,16009.0,16376.0,97.75891548607719,3.4400948991696323,3518.62890625,30907.7109375,11.384307667964128,72.94,40.0
1786812786.8401446,100.0,16005.0,16376.0,97.73448949682462,3.2228915662650603,3514.3515625,30907.7109375,11.370468585028968,65.97,40.0
1786812787.8862276,98.0,16005.0,16376.0,97.73448949682462,3.2615200478755235,3516.07421875,30907.7109375,11.376042133498746,73.08,40.0
1786812788.9342785,100.0,16001.0,16376.0,97.71006350757206,3.2248432367871005,3514.98046875,30907.7109375,11.372503372565554,66.32,40.0
1786812789.966634,100.0,16005.0,16376.0,97.73448949682462,3.307508939213349,3515.796875,30907.7109375,11.375144804833543,74.41,40.0
1786812791.024029,100.0,15993.0,16376.0,97.66121152906693,3.237518910741301,3513.23046875,30907.7109375,11.366841355072447,66.03,40.0
1786812792.0544205,97.0,15989.0,16376.0,97.63678553981437,3.2496307237813884,3513.296875,30907.7109375,11.36705620841482,73.07,40.0
1786812793.0871146,100.0,15989.0,16376.0,97.63678553981437,3.2434070930585026,3513.17578125,30907.7109375,11.366664417025788,65.93,40.0
1786812794.1208358,100.0,15993.0,16376.0,97.66121152906693,3.2072617246596065,3503.65625,30907.7109375,11.335864558475118,67.81,40.0
1786812795.1839209,100.0,15993.0,16376.0,97.66121152906693,3.2336053188274403,3501.72265625,30907.7109375,11.329608534682512,67.39,40.0
1786812796.2153232,100.0,15989.0,16376.0,97.63678553981437,3.3490011750881314,3506.26953125,30907.7109375,11.344319669419065,66.27,40.0
1786812797.2672896,100.0,15989.0,16376.0,97.63678553981437,3.2111481369282036,3509.828125,30907.7109375,11.355833280883841,73.98,40.0
1786812798.3025622,100.0,15993.0,16376.0,97.66121152906693,3.2076032076032077,3524.58203125,30907.7109375,11.403568638186213,66.25,40.0
1786812799.3510983,100.0,15993.0,16376.0,97.66121152906693,3.4378769601930035,3525.91796875,30907.7109375,11.407890981897468,73.89,40.0
1786812800.3841062,100.0,15989.0,16376.0,97.63678553981437,3.280644199224575,3539.2109375,30907.7109375,11.45089956566765,65.68,40.0
1786812801.4373918,100.0,15989.0,16376.0,97.63678553981437,3.177004538577912,3539.0078125,30907.7109375,11.450242367208627,73.51,40.0
1786812802.4720378,100.0,15993.0,16376.0,97.66121152906693,3.262158956109134,3549.71484375,30907.7109375,11.484884309058192,65.32,40.0
1786812803.5232525,100.0,15993.0,16376.0,97.66121152906693,3.2306763285024154,3529.015625,30907.7109375,11.417913258397542,73.12,42.0
1786812804.55469,100.0,15989.0,16376.0,97.63678553981437,3.2104637336504163,3523.16015625,30907.7109375,11.398968248973064,65.51,40.0
1786812805.591301,100.0,15989.0,16376.0,97.63678553981437,3.2697547683923704,3522.96484375,30907.7109375,11.398336327377852,72.89,40.0
1786812806.6404805,100.0,15993.0,16376.0,97.66121152906693,3.4316676700782662,3511.7421875,30907.7109375,11.362026112516926,65.81,40.0
1786812807.6683505,94.0,15993.0,16376.0,97.66121152906693,3.274784161952962,3510.62890625,30907.7109375,11.358424159424214,77.7,40.0
1786812808.7004523,65.0,15989.0,16376.0,97.63678553981437,3.4011539629517156,3511.41796875,30907.7109375,11.360977122668872,145.76,44.0
1786812809.7286801,59.0,15989.0,16376.0,97.63678553981437,3.360581289736603,3508.890625,30907.7109375,11.352800057226819,117.08,43.0
1786812810.7566242,65.0,15993.0,16376.0,97.66121152906693,3.372835004557885,3512.3515625,30907.7109375,11.36399770789399,125.86,44.0
1786812811.7860405,75.0,15989.0,16376.0,97.63678553981437,3.372835004557885,3512.87890625,30907.7109375,11.365703896201063,124.51,43.0
1786812812.816827,49.0,15989.0,16376.0,97.63678553981437,3.397027600849257,3515.37109375,30907.7109375,11.37376721575598,119.06,43.0
1786812813.8478787,59.0,15996.0,16376.0,97.67953102100635,3.4221683827983043,3517.6171875,30907.7109375,11.381034314100926,117.11,43.0
1786812814.8794763,56.0,15996.0,16376.0,97.67953102100635,3.6666666666666665,3516.14453125,30907.7109375,11.376269625273022,114.88,44.0
1786812815.9140625,100.0,15996.0,16376.0,97.67953102100635,3.7696019300361883,3500.18359375,30907.7109375,11.324628992512235,127.82,48.0
1786812816.958661,100.0,15991.0,16376.0,97.64899853444065,3.2316520688613712,3497.8828125,30907.7109375,11.317184956120627,65.63,41.0
1786812817.991885,100.0,15995.0,16376.0,97.67342452369321,3.201675643327349,3497.49609375,30907.7109375,11.315933751362108,73.53,41.0
1786812819.0372953,100.0,15993.0,16376.0,97.66121152906693,3.2053220441487755,3496.828125,30907.7109375,11.31377257950648,66.02,40.0
1786812820.0742006,100.0,15989.0,16376.0,97.63678553981437,3.2277346084877467,3491.80078125,30907.7109375,11.297506917645702,74.42,40.0
1786812821.1251817,100.0,15989.0,16376.0,97.63678553981437,3.2238626092196445,3493.50390625,30907.7109375,11.303017273955957,66.25,40.0
1786812822.1585753,99.0,15993.0,16376.0,97.66121152906693,3.2114183764495987,3494.33203125,30907.7109375,11.30569662151966,73.22,40.0
1786812823.2045968,100.0,15993.0,16376.0,97.66121152906693,3.2053220441487755,3487.49609375,30907.7109375,11.283579365687213,67.46,40.0
1786812824.23573,98.0,15989.0,16376.0,97.63678553981437,3.195937873357228,3487.58984375,30907.7109375,11.283882688052916,72.69,42.0
1786812825.2700236,100.0,15989.0,16376.0,97.63678553981437,3.242424242424242,3487.76953125,30907.7109375,11.28446405592051,67.51,40.0
1786812826.3060505,97.0,15958.0,16376.0,97.44748412310699,3.4389140271493215,3495.6171875,30907.7109375,11.309854665616161,65.53,40.0
1786812827.3563743,100.0,15958.0,16376.0,97.44748412310699,3.197586726998492,3493.3125,30907.7109375,11.302397990792649,67.74,40.0
1786812828.3863297,100.0,15953.0,16376.0,97.41695163654128,3.2123735871505055,3493.1796875,30907.7109375,11.301968284107906,66.27,40.0
1786812829.4315755,100.0,15953.0,16376.0,97.41695163654128,3.278688524590164,3491.22265625,30907.7109375,11.295636429723872,69.88,40.0
1786812830.4781315,100.0,15958.0,16376.0,97.44748412310699,3.406035255452644,3489.55859375,30907.7109375,11.290252457732661,65.87,40.0
1786812831.5217087,99.0,15958.0,16376.0,97.44748412310699,3.19498357718722,3490.625,30907.7109375,11.293702749642522,73.53,40.0
1786812832.566027,100.0,15953.0,16376.0,97.41695163654128,3.2045522611560346,3487.91015625,30907.7109375,11.284919039469065,66.05,40.0
1786812833.6147122,78.0,15953.0,16376.0,97.41695163654128,3.2306311696081362,3490.4921875,30907.7109375,11.293273042957777,66.37,40.0
1786812834.647341,100.0,15958.0,16376.0,97.44748412310699,3.2777115613825982,3484.12109375,30907.7109375,11.272659760521938,73.97,41.0
1786812835.6946197,100.0,15958.0,16376.0,97.44748412310699,3.2980332829046897,3478.3828125,30907.7109375,11.254093904054587,65.61,40.0
1786812836.7479737,100.0,15954.0,16376.0,97.42305813385443,3.2219570405727924,3481.13671875,30907.7109375,11.263003998547086,73.42,40.0
1786812837.8068361,100.0,15958.0,16376.0,97.44748412310699,3.203797092850786,3489.25390625,30907.7109375,11.289266660044127,66.41,40.0
1786812838.8374295,100.0,15958.0,16376.0,97.44748412310699,3.2438808611029195,3490.9375,30907.7109375,11.294713824194863,66.19,40.0
1786812839.8680327,100.0,15953.0,16376.0,97.41695163654128,3.1847133757961785,3485.25390625,30907.7109375,11.276324905774171,73.12,41.0
1786812840.9144416,100.0,15953.0,16376.0,97.41695163654128,3.213094877235526,3485.3671875,30907.7109375,11.276691420299393,65.6,40.0
1786812841.955918,100.0,15958.0,16376.0,97.44748412310699,3.2248432367871005,3481.31640625,30907.7109375,11.26358536641468,73.89,40.0
1786812843.0087183,100.0,15958.0,16376.0,97.44748412310699,3.2103210321032103,3481.09765625,30907.7109375,11.262877614228044,65.98,40.0
1786812844.0388134,100.0,15953.0,16376.0,97.41695163654128,3.2927914565410856,3478.8125,30907.7109375,11.255484131564055,66.29,40.0
1786812845.0773807,100.0,15953.0,16376.0,97.41695163654128,3.4294385432473447,3470.890625,30907.7109375,11.229853391662225,73.3,40.0
1786812846.1239624,100.0,15958.0,16376.0,97.44748412310699,3.4544908380895163,3471.671875,30907.7109375,11.232381078043076,65.71,40.0
1786812847.1576886,98.0,15958.0,16376.0,97.44748412310699,3.19498357718722,3472.7421875,30907.7109375,11.235844008384841,69.06,40.0
1786812848.227019,100.0,15953.0,16376.0,97.41695163654128,3.204353083434099,3477.15625,30907.7109375,11.250125436436651,67.52,40.0
1786812849.2566483,100.0,15953.0,16376.0,97.41695163654128,3.1862028646594562,3476.40625,30907.7109375,11.247698857511033,66.15,40.0
1786812850.2937915,100.0,15958.0,16376.0,97.44748412310699,3.275705186533212,3475.296875,30907.7109375,11.244109542850223,73.2,40.0
1786812851.3320544,100.0,15958.0,16376.0,97.44748412310699,3.1645569620253164,3479.8828125,30907.7109375,11.25894706190582,65.34,40.0
1786812852.3626075,98.0,15953.0,16376.0,97.41695163654128,3.219981944026482,3480.76171875,30907.7109375,11.261790709084277,71.82,40.0
1786812853.4109623,100.0,15953.0,16376.0,97.41695163654128,3.213094877235526,3481.3046875,30907.7109375,11.263547451118969,67.82,40.0
1786812854.4403455,100.0,15958.0,16376.0,97.44748412310699,3.2190760059612518,3481.734375,30907.7109375,11.264937678628437,66.17,40.0
1786812855.474309,100.0,15958.0,16376.0,97.44748412310699,3.3980582524271843,3477.04296875,30907.7109375,11.249758921911427,73.1,40.0
1786812856.522345,100.0,15953.0,16376.0,97.41695163654128,3.3816425120772946,3479.828125,30907.7109375,11.25877012385916,65.49,40.0
1786812857.561398,100.0,15953.0,16376.0,97.41695163654128,3.2200357781753133,3473.453125,30907.7109375,11.238144202991416,73.86,40.0
1786812858.6232464,100.0,15958.0,16376.0,97.44748412310699,3.2170775706554418,3479.91015625,30907.7109375,11.25903553092915,65.88,40.0
1786812859.6652734,100.0,15958.0,16376.0,97.44748412310699,3.385340005887548,3478.00390625,30907.7109375,11.252867976159873,66.09,40.0
1786812860.6997228,100.0,15953.0,16376.0,97.41695163654128,3.2713085234093637,3479.7734375,30907.7109375,11.2585931858125,73.07,41.0
1786812861.7362156,100.0,15983.0,16376.0,97.60014655593552,3.173164097914778,3483.671875,30907.7109375,11.271206340852947,65.53,40.0
1786812862.7708497,100.0,15987.0,16376.0,97.62457254518809,3.194695599758891,3482.58984375,30907.7109375,11.267705495215468,73.19,40.0
1786812863.8005693,100.0,15975.0,16376.0,97.55129457743038,3.259885300332025,3481.71484375,30907.7109375,11.264874486468916,65.94,40.0
1786812864.8320196,100.0,15976.0,16376.0,97.55740107474352,3.2747119466343237,3481.44921875,30907.7109375,11.264015073099426,71.21,40.0
1786812865.8703034,100.0,15980.0,16376.0,97.5818270639961,3.272727272727273,3479.98046875,30907.7109375,11.259263022703427,72.59,40.0
1786812866.9124553,100.0,15980.0,16376.0,97.5818270639961,3.1908488862131246,3481.51953125,30907.7109375,11.264242564873703,65.84,40.0
1786812867.959632,100.0,15976.0,16376.0,97.55740107474352,3.2664069523524124,3480.1953125,30907.7109375,11.259958136458161,73.01,40.0
1786812869.0132022,100.0,15976.0,16376.0,97.55740107474352,3.1641791044776117,3483.67578125,30907.7109375,11.271218979284852,65.38,40.0
1786812870.0451717,98.0,15980.0,16376.0,97.5818270639961,3.2602252519264967,3488.015625,30907.7109375,11.28526027713048,71.55,40.0
1786812871.109083,100.0,15980.0,16376.0,97.5818270639961,3.2394792612776264,3485.1015625,30907.7109375,11.275832006929905,68.92,40.0
1786812872.138326,100.0,15976.0,16376.0,97.55740107474352,3.172737955346651,3481.93359375,30907.7109375,11.265582238655554,65.73,40.0
1786812873.185331,100.0,15976.0,16376.0,97.55740107474352,3.217972070431087,3474.93359375,30907.7109375,11.24293416868313,72.48,40.0
1786812874.2401357,100.0,15980.0,16376.0,97.5818270639961,3.250820161049806,3480.1171875,30907.7109375,11.259705367820075,65.44,40.0
1786812875.269365,100.0,15980.0,16376.0,97.5818270639961,3.4973325429756965,3483.98046875,30907.7109375,11.272204776973384,72.11,41.0
1786812876.3231506,100.0,15976.0,16376.0,97.55740107474352,3.4545454545454546,3484.38671875,30907.7109375,11.273519173891426,65.14,40.0
1786812877.3540466,100.0,15976.0,16376.0,97.55740107474352,3.263126668644319,3482.76171875,30907.7109375,11.268261586219257,65.45,40.0
1786812878.399391,100.0,15980.0,16376.0,97.5818270639961,3.213094877235526,3481.2734375,30907.7109375,11.263446343663734,72.3,40.0
1786812879.438519,100.0,15980.0,16376.0,97.5818270639961,3.2566477442485806,3482.6328125,30907.7109375,11.267844517966417,65.27,40.0
1786812880.48339,100.0,15976.0,16376.0,97.55740107474352,3.159795365633464,3471.5859375,30907.7109375,11.23210303254118,72.48,41.0
1786812881.5312514,100.0,15976.0,16376.0,97.55740107474352,3.2286995515695067,3469.84375,30907.7109375,11.226466291911883,65.4,40.0
1786812882.5610063,100.0,15980.0,16376.0,97.5818270639961,3.2209961228750372,3485.83984375,30907.7109375,11.27822067055981,65.4,40.0
1786812883.6057177,100.0,15980.0,16376.0,97.5818270639961,3.2747119466343237,3487.1328125,30907.7109375,11.282403991520118,72.26,40.0
1786812884.6361008,100.0,15976.0,16376.0,97.55740107474352,3.1427716252618976,3482.10546875,30907.7109375,11.266138329659341,65.3,40.0
1786812885.6736763,100.0,15976.0,16376.0,97.55740107474352,3.1856796116504853,3497.08984375,30907.7109375,11.314619354444066,72.42,41.0
1786812886.7278492,100.0,15980.0,16376.0,97.5818270639961,3.485576923076923,3504.76171875,30907.7109375,11.339441234704022,65.36,40.0
1786812887.7573564,98.0,15976.0,16376.0,97.55740107474352,3.2018974206937445,3493.875,30907.7109375,11.304217924986862,70.81,40.0
1786812888.8159754,100.0,15976.0,16376.0,97.55740107474352,3.275705186533212,3495.4609375,30907.7109375,11.30934912833999,66.26,40.0
1786812889.8562021,100.0,15980.0,16376.0,97.5818270639961,3.4248597578978446,3504.68359375,30907.7109375,11.339188466065938,65.95,40.0
1786812890.89094,100.0,16004.0,16376.0,97.72838299951148,3.1559963931469794,3511.76953125,30907.7109375,11.362114581540256,73.29,40.0
1786812891.9229052,100.0,15999.0,16376.0,97.69785051294578,3.259885300332025,3508.42578125,30907.7109375,11.351296083830213,65.78,40.0
1786812892.9659903,100.0,15993.0,16376.0,97.66121152906693,3.2092037541628824,3516.30078125,30907.7109375,11.376775162549192,73.16,40.0
1786812894.0086277,100.0,15994.0,16376.0,97.66731802638007,3.205512282804074,3513.20703125,30907.7109375,11.366765524481021,65.76,40.0
1786812895.0525942,100.0,15996.0,16376.0,97.67953102100635,3.2943995208146153,3500.51171875,30907.7109375,11.325690620792193,73.24,41.0
1786812896.1037753,100.0,15985.0,16376.0,97.6123595505618,3.4946236559139785,3501.56640625,30907.7109375,11.329102997406341,65.66,40.0
1786812897.141709,100.0,15981.0,16376.0,97.58793356130924,3.2114183764495987,3505.19140625,30907.7109375,11.34083146221349,73.36,42.0
1786812898.1951432,100.0,15981.0,16376.0,97.58793356130924,3.219981944026482,3505.28515625,30907.7109375,11.341134784579191,65.67,40.0
1786812899.2313879,100.0,15987.0,16376.0,97.62457254518809,3.2047477744807122,3502.6171875,30907.7109375,11.332502735588585,73.57,40.0
1786812900.2783902,100.0,15987.0,16376.0,97.62457254518809,3.167420814479638,3497.796875,30907.7109375,11.316906910618735,66.13,40.0
1786812901.3102262,98.0,15983.0,16376.0,97.60014655593552,3.222918531781558,3495.859375,30907.7109375,11.310638248394223,72.14,40.0
1786812902.3522651,100.0,15983.0,16376.0,97.60014655593552,3.1808542865798244,3499.87109375,30907.7109375,11.323617917959893,67.29,40.0
1786812903.3848944,100.0,15987.0,16376.0,97.62457254518809,3.207434052757794,3489.10546875,30907.7109375,11.288786399631768,66.35,40.0
1786812904.4190521,100.0,15987.0,16376.0,97.62457254518809,3.266787658802178,3487.73828125,30907.7109375,11.284362948465278,73.25,40.0
1786812905.4526546,100.0,15983.0,16376.0,97.60014655593552,3.2990314769975786,3490.359375,30907.7109375,11.292843336273032,65.57,39.0
1786812906.4963722,98.0,15983.0,16376.0,97.60014655593552,3.5574314139282484,3492.52734375,30907.7109375,11.299857665979895,73.15,42.0
1786812907.5315363,100.0,15987.0,16376.0,97.62457254518809,3.2615200478755235,3493.875,30907.7109375,11.304217924986862,65.94,40.0
1786812908.5700374,100.0,15983.0,16376.0,97.60014655593552,3.171247357293869,3500.5703125,30907.7109375,11.325880197270756,66.13,40.0
1786812909.629778,100.0,15983.0,16376.0,97.60014655593552,3.2190132370637787,3497.3359375,30907.7109375,11.315415575654033,72.23,40.0
1786812910.6575353,100.0,15987.0,16376.0,97.62457254518809,3.1849012090828666,3497.75390625,30907.7109375,11.316767887867787,66.08,39.0
1786812911.692172,100.0,15987.0,16376.0,97.62457254518809,3.1934306569343067,3500.5234375,30907.7109375,11.325728536087905,73.56,41.0
1786812912.7280333,100.0,15982.0,16376.0,97.59404005862238,3.1722054380664653,3495.9921875,30907.7109375,11.311067955078968,65.82,39.0
1786812913.7578406,93.0,15983.0,16376.0,97.60014655593552,3.3453887884267632,3489.57421875,30907.7109375,11.290303011460278,71.78,40.0
1786812914.8031342,100.0,15987.0,16376.0,97.62457254518809,3.244390539721043,3481.94140625,30907.7109375,11.265607515519363,67.23,40.0
1786812915.832375,100.0,15987.0,16376.0,97.62457254518809,3.3462802509710188,3485.25390625,30907.7109375,11.276324905774171,65.78,39.0
1786812916.8636212,100.0,15983.0,16376.0,97.60014655593552,3.5108958837772395,3484.68359375,30907.7109375,11.274479694716149,72.94,41.0
1786812917.9067874,100.0,15983.0,16376.0,97.60014655593552,3.1534263189812006,3475.5234375,30907.7109375,11.244842571900671,65.98,39.0
1786812918.9384625,100.0,15987.0,16376.0,97.62457254518809,3.1765058435720706,3471.81640625,30907.7109375,11.232848700023533,74.06,40.0
1786812920.002753,100.0,15987.0,16376.0,97.62457254518809,3.4242424242424243,3472.61328125,30907.7109375,11.235426940132001,65.72,40.0
1786812921.033363,100.0,15983.0,16376.0,97.60014655593552,3.2579982389198707,3480.33203125,30907.7109375,11.260400481574809,65.6,39.0
1786812922.0817487,100.0,15983.0,16376.0,97.60014655593552,3.1837477258944813,3481.37109375,30907.7109375,11.263762304461341,72.86,40.0
1786812923.1139646,100.0,15987.0,16376.0,97.62457254518809,3.1902206320810973,3484.6171875,30907.7109375,11.274264841373776,66.17,39.0
1786812924.1452615,100.0,15987.0,16376.0,97.62457254518809,3.2092037541628824,3484.00390625,30907.7109375,11.27228060756481,73.34,41.0
1786812925.1918797,100.0,15983.0,16376.0,97.60014655593552,3.2111481369282036,3484.90234375,30907.7109375,11.275187446902788,65.74,39.0
1786812926.2389872,98.0,15983.0,16376.0,97.60014655593552,3.4862932061978547,3484.5234375,30907.7109375,11.273961519008076,73.17,41.0
1786812927.286747,100.0,15987.0,16376.0,97.62457254518809,3.2219570405727924,3485.15234375,30907.7109375,11.27599630654466,66.62,39.0
1786812928.3156013,100.0,15987.0,16376.0,97.62457254518809,3.2209961228750372,3489.80078125,30907.7109375,11.291036040510724,66.07,39.0
1786812929.353865,100.0,15983.0,16376.0,97.60014655593552,3.218949286365017,3502.92578125,30907.7109375,11.333501171709022,73.0,39.0
1786812930.3820984,100.0,15983.0,16376.0,97.60014655593552,3.1325301204819276,3503.61328125,30907.7109375,11.33572553572417,65.92,39.0
1786812931.4236531,100.0,15987.0,16376.0,97.62457254518809,3.1914893617021276,3497.94921875,30907.7109375,11.317399809463002,73.87,40.0
1786812932.4797044,100.0,15987.0,16376.0,97.62457254518809,3.2093581283743253,3499.22265625,30907.7109375,11.321519938263789,65.82,39.0
1786812933.5118794,100.0,15983.0,16376.0,97.60014655593552,3.2544378698224854,3485.29296875,30907.7109375,11.276451290093213,74.08,44.0
1786812934.5479977,100.0,15983.0,16376.0,97.60014655593552,3.178928247048138,3483.80078125,30907.7109375,11.271623409105787,65.91,39.0
1786812935.579922,100.0,15987.0,16376.0,97.62457254518809,3.4389140271493215,3479.76171875,30907.7109375,11.258555270516787,65.94,39.0
1786812936.6206486,100.0,15983.0,16376.0,97.60014655593552,3.3585476550680786,3481.56640625,30907.7109375,11.264394226056554,73.48,40.0
1786812937.6584034,100.0,15983.0,16376.0,97.60014655593552,3.241296518607443,3489.12109375,30907.7109375,11.288836953359384,65.33,39.0
1786812938.6870012,98.0,15987.0,16376.0,97.62457254518809,3.22192110809997,3491.3515625,30907.7109375,11.296053497976713,72.4,40.0
1786812939.725823,100.0,15987.0,16376.0,97.62457254518809,3.1620553359683794,3487.51171875,30907.7109375,11.283629919414832,66.7,39.0
1786812940.7572722,100.0,15982.0,16376.0,97.59404005862238,3.2752403846153846,3489.65625,30907.7109375,11.290568418530267,66.07,39.0
1786812941.7984276,100.0,15983.0,16376.0,97.60014655593552,3.2111481369282036,3491.77734375,30907.7109375,11.297431087054278,73.34,41.0
1786812942.836612,100.0,15987.0,16376.0,97.62457254518809,3.182227559291504,3489.3984375,30907.7109375,11.289734282024586,65.42,39.0
1786812943.885469,98.0,15987.0,16376.0,97.62457254518809,3.219981944026482,3503.0234375,30907.7109375,11.333817132506628,73.16,39.0
1786812944.9292154,100.0,15983.0,16376.0,97.60014655593552,3.1883194278903457,3500.35546875,30907.7109375,11.325185083516022,65.64,39.0
1786812945.9661086,100.0,15985.0,16376.0,97.6123595505618,3.610862429125634,3490.7265625,30907.7109375,11.294031348872032,66.0,39.0
1786812946.996737,100.0,15989.0,16376.0,97.63678553981437,3.165511003919204,3489.609375,30907.7109375,11.290416757347415,73.0,39.0
1786812948.1086993,100.0,15989.0,16376.0,97.63678553981437,3.242424242424242,3477.6953125,30907.7109375,11.251869540039436,65.56,39.0
1786812949.1630487,100.0,15985.0,16376.0,97.6123595505618,3.2312447316661985,3477.01171875,30907.7109375,11.249657814456192,73.55,39.0
1786812950.2593653,100.0,15985.0,16376.0,97.6123595505618,3.438055720213397,3474.07421875,30907.7109375,11.240153713664194,65.62,39.0
1786812951.2891495,100.0,15989.0,16376.0,97.63678553981437,3.1392694063926943,3473.19140625,30907.7109375,11.23729742805383,66.0,39.0
1786812952.3219304,100.0,15989.0,16376.0,97.63678553981437,3.245374582954201,3474.53515625,30907.7109375,11.241645048628895,73.27,39.0
1786812953.3766243,100.0,15985.0,16376.0,97.6123595505618,3.186053501653141,3477.5859375,30907.7109375,11.251515663946119,65.58,39.0
1786812954.4051545,95.0,15985.0,16376.0,97.6123595505618,3.2209961228750372,3476.8515625,30907.7109375,11.249139638748119,114.52,45.0
1786812955.4335487,75.0,15989.0,16376.0,97.63678553981437,3.400121432908318,3473.30859375,30907.7109375,11.237676581010959,127.94,42.0
1786812956.463178,76.0,15989.0,16376.0,97.63678553981437,3.638568829593693,3478.91015625,30907.7109375,11.25580009236166,123.72,43.0
1786812957.4917042,77.0,15985.0,16376.0,97.6123595505618,3.455592603819339,3486.42578125,30907.7109375,11.280116435345446,124.5,42.0
1786812958.5210564,77.0,15985.0,16376.0,97.6123595505618,3.3424491036159223,3485.7421875,30907.7109375,11.277904709762202,125.14,42.0
1786812959.5518484,73.0,15993.0,16376.0,97.66121152906693,3.3980582524271843,3488.84375,30907.7109375,11.287939624694182,123.54,43.0
1786812960.5823207,78.0,15989.0,16376.0,97.63678553981437,3.4221683827983043,3495.828125,30907.7109375,11.310537140938989,123.33,43.0
1786812961.628461,92.0,15991.0,16376.0,97.64899853444065,3.4221683827983043,3499.84375,30907.7109375,11.323529448936565,143.95,47.0
1786812962.6848078,100.0,15995.0,16376.0,97.67342452369321,3.1968927397669553,3496.80078125,30907.7109375,11.31368411048315,66.07,40.0
1786812963.7165759,100.0,15995.0,16376.0,97.67342452369321,3.2238982549541557,3495.671875,30907.7109375,11.31003160366282,66.23,40.0
1786812964.746873,100.0,15990.0,16376.0,97.64289203712751,3.360581289736603,3495.60546875,30907.7109375,11.309816750320447,73.0,40.0
1786812965.8065896,100.0,15990.0,16376.0,97.64289203712751,3.453498939715238,3484.74609375,30907.7109375,11.274681909626617,65.37,40.0
1786812966.852647,98.0,15994.0,16376.0,97.66731802638007,3.30188679245283,3486.8203125,30907.7109375,11.281392916967778,73.21,40.0
1786812967.900511,100.0,15994.0,16376.0,97.66731802638007,3.254702896386981,3487.1953125,30907.7109375,11.282606206430586,66.1,40.0
1786812968.9293907,100.0,15989.0,16376.0,97.63678553981437,3.2200357781753133,3490.12890625,30907.7109375,11.292097668790682,66.01,39.0
1786812969.969904,100.0,15989.0,16376.0,97.63678553981437,3.218949286365017,3487.23828125,30907.7109375,11.282745229181533,73.04,41.0
1786812971.0120454,100.0,15993.0,16376.0,97.66121152906693,3.2422695887120985,3483.47265625,30907.7109375,11.27056178082583,65.88,40.0
1786812972.068759,100.0,15993.0,16376.0,97.66121152906693,3.2083958020989507,3487.30078125,30907.7109375,11.282947444092,73.69,40.0
1786812973.1014102,100.0,15989.0,16376.0,97.63678553981437,3.25155187703222,3485.26171875,30907.7109375,11.27635018263798,66.06,40.0
1786812974.132296,98.0,15989.0,16376.0,97.63678553981437,3.23653962492438,3479.46875,30907.7109375,11.257607388123969,72.24,40.0
1786812975.1857648,100.0,15993.0,16376.0,97.66121152906693,3.1837477258944813,3478.4453125,30907.7109375,11.254296118965055,66.57,40.0
1786812976.2167056,100.0,15993.0,16376.0,97.66121152906693,3.3204862140527722,3477.59375,30907.7109375,11.251540940809926,66.49,39.0
1786812977.2517617,100.0,15988.0,16376.0,97.63067904250123,3.212121212121212,3480.7890625,30907.7109375,11.261879178107607,73.33,39.0
1786812978.307033,100.0,15988.0,16376.0,97.63067904250123,3.229701177180803,3479.92578125,30907.7109375,11.259086084656767,66.05,39.0
1786812979.3540864,100.0,15992.0,16376.0,97.65510503175379,3.169431279620853,3479.375,30907.7109375,11.257304065758266,73.8,40.0
1786812980.4288752,100.0,15992.0,16376.0,97.65510503175379,3.404001194386384,3494.94921875,30907.7109375,11.307693493760533,65.82,39.0
1786812981.46005,100.0,15988.0,16376.0,97.63067904250123,3.2567606862460017,3492.89453125,30907.7109375,11.301045678578895,66.14,40.0
1786812982.4951696,100.0,15988.0,16376.0,97.63067904250123,3.213094877235526,3499.81640625,30907.7109375,11.323440979913235,69.99,39.0
1786812983.5259583,100.0,15992.0,16376.0,97.65510503175379,3.2287266143633073,3502.8359375,30907.7109375,11.333210487775224,66.03,39.0
1786812984.5679638,100.0,15992.0,16376.0,97.65510503175379,3.213094877235526,3499.453125,30907.7109375,11.32226560574614,73.2,40.0
1786812985.605292,100.0,15988.0,16376.0,97.63067904250123,3.2083958020989507,3501.6484375,30907.7109375,11.32936840447633,65.81,39.0
1786812986.6344197,98.0,15992.0,16376.0,97.65510503175379,3.5746470411534994,3500.21484375,30907.7109375,11.324730099967468,72.38,39.0
1786812987.6784878,100.0,15992.0,16376.0,97.65510503175379,3.2473444613050075,3489.0703125,30907.7109375,11.288672653744628,66.27,39.0
1786812988.7102902,100.0,15988.0,16376.0,97.63067904250123,3.202633941933553,3487.86328125,30907.7109375,11.284767378286213,66.57,39.0
1786812989.742641,100.0,15988.0,16376.0,97.63067904250123,3.2092037541628824,3483.26953125,30907.7109375,11.26990458236681,73.55,40.0
1786812990.778501,100.0,15992.0,16376.0,97.65510503175379,3.2970356926799758,3485.26171875,30907.7109375,11.27635018263798,66.18,39.0
1786812991.8202367,100.0,15992.0,16376.0,97.65510503175379,3.255954175459753,3487.0,30907.7109375,11.281974284835373,73.85,42.0
1786812992.8723783,100.0,15987.0,16376.0,97.62457254518809,3.2093581283743253,3486.1796875,30907.7109375,11.27932021413548,66.19,39.0
1786812993.9086933,100.0,15988.0,16376.0,97.63067904250123,3.4124629080118694,3481.76953125,30907.7109375,11.265051424515574,73.52,40.0
1786812994.9609442,100.0,15992.0,16376.0,97.65510503175379,3.3463973470003014,3485.171875,30907.7109375,11.276059498704182,67.12,39.0
1786812995.9889529,100.0,15992.0,16376.0,97.65510503175379,3.587310999110584,3499.171875,30907.7109375,11.321355638649031,66.29,39.0
1786812997.0246434,100.0,15988.0,16376.0,97.63067904250123,3.2512914007900333,3515.9609375,30907.7109375,11.37567561897352,73.28,41.0
1786812998.0838046,100.0,15988.0,16376.0,97.63067904250123,3.2569360675512664,3509.12890625,30907.7109375,11.353571001572979,65.89,39.0
1786812999.121123,100.0,15992.0,16376.0,97.65510503175379,3.273370687112946,3507.6640625,30907.7109375,11.348831589608883,73.47,41.0
1786813000.1658452,100.0,15992.0,16376.0,97.65510503175379,3.253012048192771,3505.16015625,30907.7109375,11.340730354758257,65.87,39.0
1786813001.1970057,100.0,15988.0,16376.0,97.63067904250123,3.317393903167962,3506.828125,30907.7109375,11.346126965181373,71.93,39.0
1786813002.2333562,100.0,15988.0,16376.0,97.63067904250123,3.182782661412549,3510.52734375,30907.7109375,11.358095560194704,73.3,39.0
1786813003.279063,100.0,15992.0,16376.0,97.65510503175379,3.167420814479638,3513.78125,30907.7109375,11.368623373970948,66.31,39.0
1786813004.3146045,100.0,15992.0,16376.0,97.65510503175379,3.254702896386981,3512.61328125,30907.7109375,11.364844482831575,73.33,39.0
1786813005.3726435,100.0,15987.0,16376.0,97.62457254518809,3.2287266143633073,3511.86328125,30907.7109375,11.362417903905959,66.09,39.0
1786813006.4096334,100.0,15987.0,16376.0,97.62457254518809,3.419811320754717,3510.44140625,30907.7109375,11.357817514692808,73.78,41.0
1786813007.4601293,100.0,15992.0,16376.0,97.65510503175379,3.1363088057901085,3511.3671875,30907.7109375,11.360812823054117,66.37,39.0
1786813008.4929285,100.0,15992.0,16376.0,97.65510503175379,3.2123735871505055,3509.484375,30907.7109375,11.354721098876267,66.03,39.0
1786813009.5467172,100.0,15992.0,16376.0,97.65510503175379,3.295042321644498,3512.0859375,30907.7109375,11.363138294524502,73.18,39.0
1786813010.6016827,100.0,15992.0,16376.0,97.65510503175379,3.5555555555555554,3511.5859375,30907.7109375,11.361520575240757,66.27,39.0
1786813011.6398103,100.0,15992.0,16376.0,97.65510503175379,3.2,3513.38671875,30907.7109375,11.367346892348618,73.78,41.0
1786813012.6898022,100.0,15988.0,16376.0,97.63067904250123,3.2821439325504365,3511.171875,30907.7109375,11.360180901458905,65.95,39.0
1786813013.7224915,98.0,15988.0,16376.0,97.63067904250123,3.2421177870315288,3499.9453125,30907.7109375,11.323858048166075,72.81,39.0
1786813014.777121,100.0,15992.0,16376.0,97.65510503175379,3.2072617246596065,3491.4765625,30907.7109375,11.29645792779765,67.18,39.0
1786813015.8062983,100.0,15992.0,16376.0,97.65510503175379,3.257328990228013,3487.78515625,30907.7109375,11.284514609648129,66.47,39.0
1786813016.8495152,100.0,15988.0,16376.0,97.63067904250123,3.5725098395398125,3475.5078125,30907.7109375,11.244792018173055,73.35,40.0
1786813017.8820684,100.0,15988.0,16376.0,97.63067904250123,3.2064728798321847,3482.57421875,30907.7109375,11.267654941487852,66.17,39.0
1786813018.911875,100.0,15992.0,16376.0,97.65510503175379,3.208232445520581,3483.33984375,30907.7109375,11.270132074141086,74.49,39.0
1786813019.9616709,100.0,15992.0,16376.0,97.65510503175379,3.3333333333333335,3490.8828125,30907.7109375,11.294536886148203,66.14,39.0
1786813020.9919875,94.0,15988.0,16376.0,97.63067904250123,3.244047619047619,3489.8828125,30907.7109375,11.291301447580713,72.59,39.0
1786813022.0592508,100.0,15988.0,16376.0,97.63067904250123,3.1856796116504853,3493.70703125,30907.7109375,11.30367447241498,67.84,39.0
1786813023.0899935,100.0,15992.0,16376.0,97.65510503175379,3.2201405152224822,3501.53125,30907.7109375,11.328989251519204,66.42,39.0
1786813024.1223783,100.0,15992.0,16376.0,97.65510503175379,3.3333333333333335,3502.8984375,30907.7109375,11.333412702685692,73.06,39.0
1786813025.167476,100.0,15988.0,16376.0,97.63067904250123,3.3908567968513474,3493.05859375,30907.7109375,11.301576492718873,65.94,39.0
1786813026.2052493,100.0,15988.0,16376.0,97.63067904250123,3.874813710879285,3493.265625,30907.7109375,11.302246329609797,73.32,43.0
1786813027.2518685,100.0,15992.0,16376.0,97.65510503175379,3.253012048192771,3485.1328125,30907.7109375,11.27593311438514,65.94,39.0
1786813028.2811217,98.0,15992.0,16376.0,97.65510503175379,3.372127723067741,3484.1015625,30907.7109375,11.272596568362415,72.22,41.0
1786813029.3176482,100.0,15988.0,16376.0,97.63067904250123,3.1876138433515484,3484.7578125,30907.7109375,11.27471982492233,68.47,39.0
1786813030.349041,100.0,15992.0,16376.0,97.65510503175379,3.1966224366706877,3480.73828125,30907.7109375,11.261714878492853,66.42,39.0
1786813031.3815227,100.0,15992.0,16376.0,97.65510503175379,3.2990314769975786,3480.44140625,30907.7109375,11.260754357668128,73.55,39.0
1786813032.4141304,100.0,15992.0,16376.0,97.65510503175379,3.208232445520581,3483.828125,30907.7109375,11.271711878129118,65.96,39.0
1786813033.4647088,100.0,15992.0,16376.0,97.65510503175379,3.237518910741301,3491.35546875,30907.7109375,11.296066136408617,74.61,40.0
1786813034.4998174,100.0,15988.0,16376.0,97.63067904250123,3.1835763165724487,3494.6796875,30907.7109375,11.306821441959139,65.88,39.0
1786813035.5397768,98.0,15992.0,16376.0,97.65510503175379,3.229701177180803,3494.5234375,30907.7109375,11.306315904682968,70.94,39.0
1786813036.5749655,100.0,15991.0,16376.0,97.64899853444065,3.3052884615384617,3488.77734375,30907.7109375,11.28772477135181,67.11,39.0
1786813037.605957,100.0,15988.0,16376.0,97.63067904250123,3.170289855072464,3491.12109375,30907.7109375,11.295307830494362,66.1,39.0
1786813038.6565452,100.0,15992.0,16376.0,97.65510503175379,3.1837477258944813,3493.06640625,30907.7109375,11.301601769582682,73.1,40.0
1786813039.6950965,100.0,15992.0,16376.0,97.65510503175379,3.2123735871505055,3490.15625,30907.7109375,11.292186137814012,65.91,39.0
1786813040.7284288,100.0,15988.0,16376.0,97.63067904250123,3.461770018061409,3490.46484375,30907.7109375,11.293184573934449,73.49,39.0
1786813041.7762675,100.0,15995.0,16376.0,97.67342452369321,3.2638259292837715,3490.453125,30907.7109375,11.293146658638735,66.34,39.0
1786813042.8060281,100.0,15999.0,16376.0,97.69785051294578,3.2517899761336517,3489.08984375,30907.7109375,11.28873584590415,67.61,39.0
1786813043.8587005,100.0,15992.0,16376.0,97.65510503175379,3.245374582954201,3486.8125,30907.7109375,11.28136764010397,67.98,39.0
1786813044.8891425,100.0,15988.0,16376.0,97.63067904250123,3.177903177903178,3489.88671875,30907.7109375,11.291314086012617,66.38,39.0
1786813045.9235349,100.0,15988.0,16376.0,97.63067904250123,3.3050333535476044,3492.45703125,30907.7109375,11.299630174205618,73.81,42.0
1786813046.9644966,100.0,15992.0,16376.0,97.65510503175379,3.3222591362126246,3500.90234375,30907.7109375,11.326954463982618,66.17,39.0
1786813047.996191,100.0,15992.0,16376.0,97.65510503175379,3.1531531531531534,3498.1796875,30907.7109375,11.318145476945352,74.62,39.0
1786813049.0445457,100.0,15988.0,16376.0,97.63067904250123,3.4482758620689653,3494.97265625,30907.7109375,11.307769324351959,66.42,39.0
1786813050.0733747,100.0,15988.0,16376.0,97.63067904250123,3.4523809523809526,3485.90234375,30907.7109375,11.278422885470277,66.48,39.0
1786813051.1060555,100.0,15992.0,16376.0,97.65510503175379,3.248330297510625,3485.87890625,30907.7109375,11.278347054878852,73.29,39.0
1786813052.152883,100.0,15992.0,16376.0,97.65510503175379,3.2072617246596065,3483.3515625,30907.7109375,11.270169989436798,65.85,39.0
1786813053.185307,100.0,15988.0,16376.0,97.63067904250123,3.4862932061978547,3480.08984375,30907.7109375,11.259616898796745,74.07,40.0
1786813054.2416368,100.0,15988.0,16376.0,97.63067904250123,3.5034732709151313,3483.69140625,30907.7109375,11.27126953301247,65.76,39.0
1786813055.2766173,100.0,15992.0,16376.0,97.65510503175379,3.6840554081933394,3480.1171875,30907.7109375,11.259705367820075,73.1,40.0
1786813056.3116355,100.0,15992.0,16376.0,97.65510503175379,3.848466626578473,3488.37109375,30907.7109375,11.286410374433768,65.94,39.0
1786813057.3404665,100.0,15992.0,16376.0,97.65510503175379,3.2004830917874396,3485.57421875,30907.7109375,11.27736125719032,66.36,39.0
1786813058.3824627,100.0,15988.0,16376.0,97.63067904250123,3.248330297510625,3485.75,30907.7109375,11.277929986626011,73.22,39.0
1786813059.4317527,100.0,15992.0,16376.0,97.65510503175379,3.32634102487264,3482.51171875,30907.7109375,11.267452726577384,65.86,39.0
1786813060.4666858,100.0,15992.0,16376.0,97.65510503175379,3.62555720653789,3484.40234375,30907.7109375,11.273569727619043,74.77,40.0
1786813061.5039372,100.0,15988.0,16376.0,97.63067904250123,3.2890766445383224,3485.67578125,30907.7109375,11.27768985641983,66.36,39.0
1786813062.5415115,98.0,15988.0,16376.0,97.63067904250123,3.4586466165413534,3489.171875,30907.7109375,11.289001252974138,71.99,39.0
1786813063.5941396,100.0,15992.0,16376.0,97.65510503175379,3.4285714285714284,3488.11328125,30907.7109375,11.285576237928085,66.68,39.0
1786813064.63123,100.0,15988.0,16376.0,97.63067904250123,3.3214709371293,3491.234375,30907.7109375,11.295674345019584,66.43,39.0
1786813065.673014,100.0,15988.0,16376.0,97.63067904250123,3.3112582781456954,3488.453125,30907.7109375,11.286675781503757,74.08,39.0
1786813066.7034166,100.0,15992.0,16376.0,97.65510503175379,3.269346130773845,3491.87109375,30907.7109375,11.297734409419979,66.27,39.0
1786813067.7365978,100.0,15992.0,16376.0,97.65510503175379,3.2140691328077624,3497.73046875,30907.7109375,11.316692057276361,73.64,41.0
1786813068.7739403,100.0,15988.0,16376.0,97.63067904250123,3.2657998185666766,3495.953125,30907.7109375,11.310941570759926,65.8,39.0
1786813069.8036623,98.0,15988.0,16376.0,97.63067904250123,3.2228915662650603,3491.69140625,30907.7109375,11.297153041552384,73.51,39.0
1786813070.8620028,100.0,15992.0,16376.0,97.65510503175379,3.7216338880484114,3488.58203125,30907.7109375,11.287092849756597,66.41,39.0
1786813071.8905568,100.0,15992.0,16376.0,97.65510503175379,3.1896042528056703,3493.37109375,30907.7109375,11.302587567271214,66.0,39.0
1786813072.9341724,100.0,15988.0,16376.0,97.63067904250123,3.2199270959902795,3495.92578125,30907.7109375,11.310853101736598,73.18,40.0
1786813073.9629688,100.0,15988.0,16376.0,97.63067904250123,3.2035928143712575,3503.546875,30907.7109375,11.335510682381798,66.38,39.0
1786813074.9970307,100.0,15992.0,16376.0,97.65510503175379,3.18955042527339,3506.578125,30907.7109375,11.345318105539501,74.19,39.0
1786813076.0521686,100.0,15992.0,16376.0,97.65510503175379,3.203384708371109,3509.23828125,30907.7109375,11.353924877666298,66.11,39.0
1786813077.0834117,98.0,15988.0,16376.0,97.63067904250123,3.548196333530455,3501.203125,30907.7109375,11.327927623239246,72.58,39.0
1786813078.1265032,100.0,15988.0,16376.0,97.63067904250123,3.2111481369282036,3499.4609375,30907.7109375,11.322290882609948,68.2,39.0
1786813079.1582718,100.0,15992.0,16376.0,97.65510503175379,3.1765058435720706,3514.87890625,30907.7109375,11.372174773336043,66.62,39.0
1786813080.1917312,100.0,15992.0,16376.0,97.65510503175379,3.2990314769975786,3516.55859375,30907.7109375,11.377609299054873,74.11,40.0
1786813081.2451673,100.0,15988.0,16376.0,97.63067904250123,3.2053220441487755,3515.30859375,30907.7109375,11.373565000845511,66.05,39.0
1786813082.2821972,100.0,15988.0,16376.0,97.63067904250123,3.262158956109134,3513.16015625,30907.7109375,11.366613863298172,74.6,40.0
1786813083.332622,100.0,15992.0,16376.0,97.65510503175379,3.165511003919204,3509.734375,30907.7109375,11.355529958518138,66.46,39.0
1786813084.3617647,100.0,15992.0,16376.0,97.65510503175379,3.2699167657550534,3509.90234375,30907.7109375,11.356073411090021,66.51,39.0
1786813085.3969808,100.0,15988.0,16376.0,97.63067904250123,3.3100516246583664,3509.44140625,30907.7109375,11.354582076125318,73.7,39.0
1786813086.443979,100.0,15988.0,16376.0,97.63067904250123,3.6155468514612834,3506.40625,30907.7109375,11.344762014535712,65.98,39.0
1786813087.4769547,100.0,15992.0,16376.0,97.65510503175379,3.1940298507462686,3512.81640625,30907.7109375,11.365501681290596,73.87,39.0
1786813088.5302997,100.0,15992.0,16376.0,97.65510503175379,3.23653962492438,3519.24609375,30907.7109375,11.386304540205,67.49,39.0
1786813089.5608938,100.0,15988.0,16376.0,97.63067904250123,3.203797092850786,3519.265625,30907.7109375,11.386367732364523,66.89,39.0
1786813090.5944426,100.0,15992.0,16376.0,97.65510503175379,3.1847133757961785,3515.72265625,30907.7109375,11.374904674627363,73.91,39.0
1786813091.6528192,100.0,15992.0,16376.0,97.65510503175379,3.204353083434099,3509.6015625,30907.7109375,11.355100251833395,66.22,39.0
1786813092.6855416,100.0,15988.0,16376.0,97.63067904250123,3.1896042528056703,3510.74609375,30907.7109375,11.35880331238134,74.59,39.0
1786813093.730791,100.0,15988.0,16376.0,97.63067904250123,3.2072617246596065,3500.79296875,30907.7109375,11.326600587889299,66.36,39.0
1786813094.7601862,100.0,15992.0,16376.0,97.65510503175379,3.1988041853512708,3500.2109375,30907.7109375,11.324717461535565,66.67,39.0
1786813095.7902641,100.0,15992.0,16376.0,97.65510503175379,3.1885818402672337,3495.94921875,30907.7109375,11.310928932328022,74.2,40.0
1786813096.831401,100.0,15988.0,16376.0,97.63067904250123,3.5098335854765508,3499.24609375,30907.7109375,11.321595768855214,66.09,39.0
1786813097.8614411,100.0,15988.0,16376.0,97.63067904250123,3.211284513805522,3500.20703125,30907.7109375,11.324704823103659,74.39,39.0
1786813098.8936021,100.0,15992.0,16376.0,97.65510503175379,3.1856796116504853,3495.4609375,30907.7109375,11.30934912833999,66.36,39.0
1786813099.9219425,100.0,15992.0,16376.0,97.65510503175379,3.2092037541628824,3499.078125,30907.7109375,11.321052316283332,66.71,39.0
1786813100.954252,63.0,15988.0,16376.0,97.63067904250123,3.5247645092677,3497.66796875,30907.7109375,11.316489842365893,137.32,44.0
1786813101.9835904,78.0,15988.0,16376.0,97.63067904250123,3.330305782621859,3500.8359375,30907.7109375,11.326739610640244,121.21,42.0
1786813103.0176227,77.0,15992.0,16376.0,97.65510503175379,3.3100516246583664,3506.4140625,30907.7109375,11.344787291399522,125.38,42.0
1786813104.0470972,75.0,15992.0,16376.0,97.65510503175379,3.412866203563878,3508.33203125,30907.7109375,11.35099276146451,121.65,42.0
1786813105.076124,73.0,16008.0,16376.0,97.75280898876404,3.338391502276176,3510.71875,30907.7109375,11.358714843358012,120.09,42.0
1786813106.1065881,76.0,15998.0,16376.0,97.69174401563264,3.340419070756149,3512.0390625,30907.7109375,11.36298663334165,125.13,42.0
1786813107.1375005,76.0,16002.0,16376.0,97.7161700048852,3.660012099213551,3516.63671875,30907.7109375,11.377862067692957,122.92,42.0
1786813108.18135,100.0,16003.0,16376.0,97.72227650219834,3.303030303030303,3529.9921875,30907.7109375,11.421072866373606,130.77,46.0
1786813109.224851,100.0,15989.0,16376.0,97.63678553981437,3.2035928143712575,3544.96875,30907.7109375,11.469528614294521,66.06,40.0
1786813110.2574227,98.0,15989.0,16376.0,97.63678553981437,3.2045522611560346,3536.8359375,30907.7109375,11.443215399069862,71.65,39.0
1786813111.292201,100.0,15993.0,16376.0,97.66121152906693,3.208232445520581,3542.91796875,30907.7109375,11.462893437544787,67.73,39.0
1786813112.3249962,100.0,15994.0,16376.0,97.66731802638007,3.2014497130776203,3536.01171875,30907.7109375,11.440548689938064,66.15,39.0
1786813113.3582356,100.0,15989.0,16376.0,97.63678553981437,3.23653962492438,3539.04296875,30907.7109375,11.450356113095767,73.19,39.0
1786813114.3947573,100.0,15989.0,16376.0,97.63678553981437,3.235560931357726,3535.5625,30907.7109375,11.439095270269075,65.68,39.0
1786813115.435119,98.0,15993.0,16376.0,97.66121152906693,3.374510394697198,3524.265625,30907.7109375,11.402544925201969,73.28,41.0
1786813116.4876904,100.0,15993.0,16376.0,97.66121152906693,3.6270983213429258,3525.4140625,30907.7109375,11.40626062418182,66.2,39.0
1786813117.5180542,100.0,15988.0,16376.0,97.63067904250123,3.2353814188186405,3519.8203125,30907.7109375,11.388162389694926,66.28,39.0
1786813118.5500872,100.0,15988.0,16376.0,97.63067904250123,3.1847133757961785,3519.34375,30907.7109375,11.386620501002605,73.43,40.0
1786813119.5976615,100.0,15992.0,16376.0,97.65510503175379,3.2092037541628824,3520.83203125,30907.7109375,11.391435743558128,65.86,39.0
1786813120.643143,100.0,15988.0,16376.0,97.63067904250123,3.249850924269529,3514.44921875,30907.7109375,11.370784545826575,73.88,39.0
1786813121.677961,100.0,15988.0,16376.0,97.63067904250123,3.1988041853512708,3513.49609375,30907.7109375,11.367700768441937,66.2,39.0
1786813122.712491,100.0,15992.0,16376.0,97.65510503175379,3.2014497130776203,3517.84375,30907.7109375,11.381767343151372,66.59,39.0
1786813123.7601466,100.0,15992.0,16376.0,97.65510503175379,3.2306763285024154,3513.58203125,30907.7109375,11.36797881394383,72.68,40.0
1786813124.799459,100.0,15987.0,16376.0,97.62457254518809,3.192124105011933,3512.1328125,30907.7109375,11.363289955707351,66.09,39.0
1786813125.8517687,100.0,15988.0,16376.0,97.63067904250123,3.18796992481203,3512.4921875,30907.7109375,11.364452691442544,73.98,39.0
1786813126.881607,100.0,15992.0,16376.0,97.65510503175379,3.582001184132623,3509.546875,30907.7109375,11.354923313786735,65.8,39.0
1786813127.9184554,93.0,15992.0,16376.0,97.65510503175379,3.2473444613050075,3507.3125,30907.7109375,11.347694130737501,71.74,39.0
1786813128.959921,100.0,15987.0,16376.0,97.62457254518809,3.165511003919204,3504.70703125,30907.7109375,11.339264296657364,66.58,39.0
1786813129.9928298,100.0,15987.0,16376.0,97.62457254518809,3.239352129574085,3504.5859375,30907.7109375,11.33887250526833,66.12,39.0
1786813131.0407033,100.0,15991.0,16376.0,97.64899853444065,3.5077109162382825,3497.70703125,30907.7109375,11.316616226684935,72.88,42.0
1786813132.0812669,100.0,15991.0,16376.0,97.64899853444065,3.2209961228750372,3481.3671875,30907.7109375,11.263749666029437,65.45,39.0
1786813133.1222732,100.0,15987.0,16376.0,97.62457254518809,3.2713085234093637,3483.765625,30907.7109375,11.27150966321865,73.18,39.0
1786813134.1583583,100.0,15987.0,16376.0,97.62457254518809,3.182227559291504,3483.375,30907.7109375,11.270245820028224,66.33,39.0
1786813135.1862965,100.0,15991.0,16376.0,97.64899853444065,3.255954175459753,3485.96875,30907.7109375,11.27863773881265,66.0,39.0
1786813136.230651,100.0,15991.0,16376.0,97.64899853444065,3.341433778857837,3504.046875,30907.7109375,11.337128401665543,68.12,39.0
1786813137.2613003,100.0,15987.0,16376.0,97.62457254518809,3.317393903167962,3510.4921875,30907.7109375,11.357981814307564,65.92,39.0
1786813138.3035243,100.0,15987.0,16376.0,97.62457254518809,3.2140691328077624,3517.41015625,30907.7109375,11.38036447721,73.21,39.0
1786813139.349479,100.0,15991.0,16376.0,97.64899853444065,3.237410071942446,3513.99609375,30907.7109375,11.369318487725682,65.58,39.0
1786813140.3839662,100.0,16019.0,16376.0,97.8199804592086,3.225806451612903,3515.73046875,30907.7109375,11.37492995149117,71.42,39.0
1786813141.4442978,100.0,16017.0,16376.0,97.80776746458231,3.173164097914778,3522.12109375,30907.7109375,11.395606426086532,67.78,39.0
1786813142.4725642,100.0,16017.0,16376.0,97.80776746458231,3.2410135533294047,3521.390625,30907.7109375,11.393243039320437,66.06,39.0
1786813143.5524795,100.0,16018.0,16376.0,97.81387396189545,3.253268470659775,3524.66796875,30907.7109375,11.403846683688107,73.34,39.0
1786813144.5874314,100.0,16013.0,16376.0,97.78334147532975,3.240740740740741,3514.68359375,30907.7109375,11.37154285174083,65.79,39.0
1786813145.6219354,100.0,16015.0,16376.0,97.79555446995603,3.3494266747133374,3512.2734375,30907.7109375,11.363744939255904,73.59,40.0
1786813146.6537983,100.0,16014.0,16376.0,97.78944797264289,3.733815115928937,3504.546875,30907.7109375,11.338746120949288,65.62,39.0
1786813147.684288,100.0,15995.0,16376.0,97.67342452369321,3.212121212121212,3504.2578125,30907.7109375,11.337810876988373,73.37,39.0
1786813148.716103,100.0,15986.0,16376.0,97.61846604787495,3.303030303030303,3497.578125,30907.7109375,11.316199158432097,65.84,39.0
1786813149.7476692,100.0,15985.0,16376.0,97.6123595505618,3.1515151515151514,3498.44921875,30907.7109375,11.319017528746746,72.99,39.0
1786813150.779435,100.0,15989.0,16376.0,97.63678553981437,3.2697547683923704,3495.9453125,30907.7109375,11.310916293896117,65.84,39.0
1786813151.819614,98.0,15990.0,16376.0,97.64289203712751,3.1808542865798244,3490.234375,30907.7109375,11.292438906452096,72.78,39.0
1786813152.8558092,100.0,15985.0,16376.0,97.6123595505618,3.2432432432432434,3490.39453125,30907.7109375,11.292957082160171,65.54,39.0
1786813153.9048169,100.0,15985.0,16376.0,97.6123595505618,3.1966224366706877,3496.1328125,30907.7109375,11.311522938627522,73.01,39.0
1786813154.936594,100.0,15990.0,16376.0,97.64289203712751,3.3353186420488385,3498.7421875,30907.7109375,11.319965411139563,65.65,39.0
1786813155.975372,98.0,15990.0,16376.0,97.64289203712751,3.330305782621859,3498.27734375,30907.7109375,11.318461437742958,73.43,39.0
1786813157.0328538,100.0,15985.0,16376.0,97.6123595505618,3.2500752332229914,3485.23828125,30907.7109375,11.276274352046554,66.13,39.0
1786813158.0708935,100.0,15985.0,16376.0,97.6123595505618,3.2496307237813884,3492.765625,30907.7109375,11.300628610326054,73.8,39.0
1786813159.1121106,100.0,15990.0,16376.0,97.64289203712751,3.1908488862131246,3488.9375,30907.7109375,11.288242947059883,66.15,39.0
1786813160.1435733,100.0,15990.0,16376.0,97.64289203712751,3.2122485740018014,3484.40625,30907.7109375,11.273582366050947,73.43,39.0
1786813161.1808772,100.0,15985.0,16376.0,97.6123595505618,3.689144239491987,3477.5859375,30907.7109375,11.251515663946119,66.03,39.0
1786813162.212726,98.0,15985.0,16376.0,97.6123595505618,3.281155930162553,3476.41796875,30907.7109375,11.247736772806745,71.99,39.0
1786813163.264488,100.0,15990.0,16376.0,97.64289203712751,3.210175651120533,3475.87890625,30907.7109375,11.245992669203957,65.86,39.0
1786813164.3022425,93.0,15990.0,16376.0,97.64289203712751,3.2382650029708855,3478.171875,30907.7109375,11.253411428731756,71.71,41.0
1786813165.33963,100.0,15985.0,16376.0,97.6123595505618,3.1927710843373496,3466.453125,30907.7109375,11.21549613301899,66.73,39.0
1786813166.3719997,100.0,15985.0,16376.0,97.6123595505618,3.602521765235665,3470.46484375,30907.7109375,11.22847580258466,71.45,42.0
1786813167.4291508,100.0,15990.0,16376.0,97.64289203712751,3.208232445520581,3475.6015625,30907.7109375,11.245095340538755,66.77,39.0
1786813168.4581766,98.0,15990.0,16376.0,97.64289203712751,3.2791728212703104,3478.515625,30907.7109375,11.25452361073933,69.67,39.0
1786813169.5191483,100.0,15985.0,16376.0,97.6123595505618,3.1591737545565004,3480.8046875,30907.7109375,11.261929731835224,72.86,39.0
1786813170.5500367,100.0,15989.0,16376.0,97.63678553981437,3.2989690721649483,3478.015625,30907.7109375,11.252905891455587,65.99,39.0
1786813171.6077552,100.0,15990.0,16376.0,97.64289203712751,3.303030303030303,3480.20703125,30907.7109375,11.259996051753873,72.9,39.0
1786813172.637654,98.0,15985.0,16376.0,97.6123595505618,3.1914893617021276,3484.7734375,30907.7109375,11.274770378649949,70.4,39.0
1786813173.67293,100.0,15985.0,16376.0,97.6123595505618,3.2776934749620636,3484.6328125,30907.7109375,11.274315395101395,72.98,39.0
1786813174.702329,100.0,15989.0,16376.0,97.63678553981437,3.2910628019323673,3487.5390625,30907.7109375,11.28371838843816,66.24,39.0
1786813175.7471259,100.0,15990.0,16376.0,97.64289203712751,3.395997574287447,3486.90625,30907.7109375,11.281670962469672,68.09,39.0
1786813176.7751067,100.0,15985.0,16376.0,97.6123595505618,3.4101106790308107,3486.12109375,30907.7109375,11.279130637656916,65.97,39.0
1786813177.848487,100.0,15986.0,16376.0,97.61846604787495,3.1630170316301705,3499.58984375,30907.7109375,11.322707950862789,67.86,39.0
1786813178.8800888,100.0,15990.0,16376.0,97.64289203712751,3.230500582072177,3513.59375,30907.7109375,11.368016729239542,65.94,39.0
1786813179.9259691,100.0,15990.0,16376.0,97.64289203712751,3.2414419872765827,3517.37109375,30907.7109375,11.380238092890957,67.7,39.0
1786813180.958725,100.0,15985.0,16376.0,97.6123595505618,3.167961745367603,3518.1015625,30907.7109375,11.382601479657053,65.67,39.0
1786813182.0159948,100.0,15985.0,16376.0,97.6123595505618,3.2092037541628824,3513.4921875,30907.7109375,11.367688130010032,67.84,40.0
1786813183.0497036,100.0,15990.0,16376.0,97.64289203712751,3.2210401891252953,3519.41796875,30907.7109375,11.386860631208789,65.78,39.0
1786813184.109795,100.0,15990.0,16376.0,97.64289203712751,3.2628398791540785,3514.21875,30907.7109375,11.370038878344225,72.64,39.0
1786813185.1391296,100.0,15985.0,16376.0,97.6123595505618,3.2124963159445916,3512.80859375,30907.7109375,11.365476404426786,65.91,39.0
1786813186.1916244,100.0,15985.0,16376.0,97.6123595505618,3.1297477970221816,3509.51953125,30907.7109375,11.354834844763404,72.64,39.0
1786813187.2210677,100.0,15990.0,16376.0,97.64289203712751,3.4390750074117995,3508.1328125,30907.7109375,11.350348201437393,65.9,39.0
1786813188.256893,100.0,15990.0,16376.0,97.64289203712751,3.2169954476479514,3505.8125,30907.7109375,11.342840972886266,73.62,39.0
1786813189.2966874,100.0,15985.0,16376.0,97.6123595505618,3.2569360675512664,3509.28515625,30907.7109375,11.35407653884915,65.85,39.0
1786813190.3312387,100.0,15985.0,16376.0,97.6123595505618,3.186053501653141,3510.89453125,30907.7109375,11.359283572793702,72.55,39.0
1786813191.366142,100.0,15990.0,16376.0,97.64289203712751,3.857745629897529,3501.12109375,30907.7109375,11.327662216169255,65.83,39.0
1786813192.4055054,100.0,15990.0,16376.0,97.64289203712751,3.321256038647343,3502.46875,30907.7109375,11.332022475176224,72.58,39.0
1786813193.4355206,100.0,15985.0,16376.0,97.6123595505618,3.156945279615153,3503.34765625,30907.7109375,11.334866122354681,65.83,39.0
1786813194.4698563,100.0,15985.0,16376.0,97.6123595505618,3.245374582954201,3503.83984375,30907.7109375,11.336458564774619,72.6,39.0
1786813195.5071661,100.0,15990.0,16376.0,97.64289203712751,3.202416918429003,3513.9921875,30907.7109375,11.369305849293777,65.93,39.0
1786813196.5486045,100.0,15990.0,16376.0,97.64289203712751,3.602521765235665,3509.8828125,30907.7109375,11.3560102189305,73.46,39.0
1786813197.5878897,100.0,15985.0,16376.0,97.6123595505618,3.2403240324032403,3510.01171875,30907.7109375,11.35642728718334,65.93,39.0
1786813198.6573157,100.0,15989.0,16376.0,97.63678553981437,3.277209861695731,3522.203125,30907.7109375,11.395871833156521,73.8,39.0
1786813199.6912668,100.0,15990.0,16376.0,97.64289203712751,3.241822429906542,3520.78515625,30907.7109375,11.391284082375277,66.0,39.0
1786813200.744451,100.0,15986.0,16376.0,97.61846604787495,3.204353083434099,3518.6015625,30907.7109375,11.384219198940798,73.64,39.0
1786813201.774042,100.0,15993.0,16376.0,97.66121152906693,3.261191817373258,3514.89453125,30907.7109375,11.37222532706366,66.1,39.0
1786813202.8203456,100.0,15993.0,16376.0,97.66121152906693,3.2169954476479514,3511.80078125,30907.7109375,11.36221568899549,72.92,39.0
1786813203.84843,100.0,15993.0,16376.0,97.66121152906693,3.195937873357228,3507.91015625,30907.7109375,11.349627810818852,65.98,39.0
1786813204.8962843,100.0,15989.0,16376.0,97.63678553981437,3.2209054998480706,3497.8203125,30907.7109375,11.316982741210161,72.71,39.0
1786813205.9368842,100.0,15989.0,16376.0,97.63678553981437,3.3691115086463923,3496.92578125,30907.7109375,11.314088540304086,71.42,39.0
1786813206.971183,100.0,15993.0,16376.0,97.66121152906693,3.6559784237338926,3493.74609375,30907.7109375,11.303800856734023,67.51,39.0
1786813208.0018423,100.0,15993.0,16376.0,97.66121152906693,3.202416918429003,3498.78515625,30907.7109375,11.320104433890512,65.85,39.0
1786813209.0402133,100.0,15988.0,16376.0,97.63067904250123,3.1847133757961785,3499.5859375,30907.7109375,11.322695312430882,67.82,39.0
1786813210.0750976,99.0,15988.0,16376.0,97.63067904250123,3.2190132370637787,3497.875,30907.7109375,11.31715967925682,66.4,39.0
1786813211.135758,100.0,15992.0,16376.0,97.65510503175379,3.229701177180803,3502.28125,30907.7109375,11.33141583044482,67.18,39.0
1786813212.1751418,100.0,15992.0,16376.0,97.65510503175379,3.183023872679045,3498.30078125,30907.7109375,11.318537268334383,65.86,39.0
1786813213.2186403,100.0,15987.0,16376.0,97.62457254518809,3.1870114251352977,3496.1796875,30907.7109375,11.311674599810374,67.3,39.0
1786813214.248583,100.0,15987.0,16376.0,97.62457254518809,3.2335329341317367,3498.02734375,30907.7109375,11.317652578101086,66.03,39.0
1786813215.3154795,100.0,15991.0,16376.0,97.64899853444065,3.3050333535476044,3491.953125,30907.7109375,11.29799981648997,73.28,39.0
1786813216.349667,100.0,15991.0,16376.0,97.64899853444065,3.3079625292740045,3497.91796875,30907.7109375,11.317298702007767,66.1,39.0
1786813217.4163027,100.0,15987.0,16376.0,97.62457254518809,3.378582202111614,3493.40625,30907.7109375,11.302701313158352,73.91,39.0
1786813218.445057,100.0,15987.0,16376.0,97.62457254518809,3.1936712569586874,3500.4375,30907.7109375,11.325450490586011,66.22,39.0
1786813219.4896438,100.0,15991.0,16376.0,97.64899853444065,3.18955042527339,3499.45703125,30907.7109375,11.322278244178042,73.43,39.0
1786813220.5269086,100.0,15991.0,16376.0,97.64899853444065,3.200717918037691,3496.0625,30907.7109375,11.311295446853245,65.79,39.0
1786813221.5759594,100.0,15987.0,16376.0,97.62457254518809,3.527283690081399,3496.73828125,30907.7109375,11.313481895572682,73.34,39.0
1786813222.6151292,100.0,15997.0,16376.0,97.6856375183195,3.245013396844299,3499.3046875,30907.7109375,11.321785345333778,65.31,39.0
1786813223.6509047,100.0,15997.0,16376.0,97.6856375183195,3.2471437161755863,3498.62109375,30907.7109375,11.319573619750532,73.9,41.0
1786813224.6970046,100.0,15984.0,16376.0,97.60625305324866,3.255954175459753,3495.30859375,30907.7109375,11.308856229495724,65.55,39.0
1786813225.7265515,98.0,15985.0,16376.0,97.6123595505618,3.225806451612903,3498.5703125,30907.7109375,11.319409320135778,73.47,39.0
1786813226.76785,100.0,15989.0,16376.0,97.63678553981437,3.337378640776699,3502.09375,30907.7109375,11.330809185713415,65.93,39.0
1786813227.8082168,100.0,15989.0,16376.0,97.63678553981437,3.269346130773845,3500.56640625,30907.7109375,11.325867558838851,73.1,39.0
1786813228.848821,100.0,15984.0,16376.0,97.60625305324866,3.2132132132132134,3503.16796875,30907.7109375,11.334284754487085,66.74,39.0
1786813229.8844202,98.0,15984.0,16376.0,97.60625305324866,3.2122485740018014,3491.5703125,30907.7109375,11.296761250163351,71.38,39.0
1786813230.917526,100.0,15988.0,16376.0,97.63067904250123,3.1985515992758,3493.35546875,30907.7109375,11.302537013543597,66.38,39.0
1786813231.9458067,100.0,15988.0,16376.0,97.63067904250123,3.295042321644498,3490.37890625,30907.7109375,11.292906528432555,66.89,39.0
1786813232.9767718,77.0,15984.0,16376.0,97.60625305324866,3.399089529590288,3492.85546875,30907.7109375,11.300919294259852,145.7,45.0
1786813234.005947,73.0,15984.0,16376.0,97.60625305324866,3.4524530587522713,3495.59375,30907.7109375,11.309778835024735,128.3,42.0
1786813235.0337517,74.0,15988.0,16376.0,97.63067904250123,3.3697632058287796,3499.24609375,30907.7109375,11.321595768855214,127.92,42.0
1786813236.0849347,73.0,15988.0,16376.0,97.63067904250123,3.555150410209663,3503.12890625,30907.7109375,11.334158370168042,126.25,42.0
1786813237.1148915,73.0,15984.0,16376.0,97.60625305324866,3.5385072851620576,3503.17578125,30907.7109375,11.334310031350894,120.17,43.0
1786813238.1433418,73.0,15984.0,16376.0,97.60625305324866,3.278688524590164,3508.5859375,30907.7109375,11.351814259538289,125.66,43.0
1786813239.177506,94.0,15990.0,16376.0,97.64289203712751,3.402187120291616,3515.52734375,30907.7109375,11.37427275303215,153.37,47.0
1786813240.2103364,100.0,15990.0,16376.0,97.64289203712751,3.173164097914778,3508.375,30907.7109375,11.351131784215458,67.2,40.0
1786813241.2391634,100.0,15986.0,16376.0,97.61846604787495,3.1779661016949152,3505.48828125,30907.7109375,11.341791983038213,65.76,39.0
1786813242.2907739,100.0,15986.0,16376.0,97.61846604787495,3.217972070431087,3506.85546875,30907.7109375,11.346215434204703,72.68,39.0
1786813243.3213313,100.0,15990.0,16376.0,97.64289203712751,3.1510107015457787,3509.42578125,30907.7109375,11.354531522397702,65.84,39.0
1786813244.354756,100.0,15990.0,16376.0,97.64289203712751,3.2140691328077624,3507.828125,30907.7109375,11.349362403748863,73.3,39.0
1786813245.3851705,100.0,15986.0,16376.0,97.61846604787495,3.176043557168784,3497.36328125,30907.7109375,11.315504044677361,65.8,39.0
1786813246.4225898,100.0,15986.0,16376.0,97.61846604787495,3.304031524704456,3513.2890625,30907.7109375,11.367030931551012,73.31,39.0
1786813247.453782,100.0,15990.0,16376.0,97.64289203712751,3.1645569620253164,3517.50390625,30907.7109375,11.380667799575702,65.65,39.0
1786813248.5008402,100.0,15990.0,16376.0,97.64289203712751,3.182782661412549,3523.9453125,30907.7109375,11.401508573785819,72.87,39.0
1786813249.5369089,100.0,15986.0,16376.0,97.61846604787495,3.222918531781558,3530.04296875,30907.7109375,11.421237165988362,65.96,39.0
1786813250.5812511,100.0,15990.0,16376.0,97.64289203712751,3.197586726998492,3532.15625,30907.7109375,11.428074557648564,73.25,39.0
1786813251.6118617,100.0,15990.0,16376.0,97.64289203712751,3.615177771138333,3514.2421875,30907.7109375,11.370114708935649,65.78,39.0
1786813252.6424832,100.0,15990.0,16376.0,97.64289203712751,3.2434070930585026,3512.05859375,30907.7109375,11.36304982550117,72.85,40.0
1786813253.6866724,100.0,15986.0,16376.0,97.61846604787495,3.1553398058252426,3524.6015625,30907.7109375,11.403631830345734,65.36,39.0
1786813254.7245867,100.0,15990.0,16376.0,97.64289203712751,3.2306311696081362,3523.1640625,30907.7109375,11.398980887404967,73.78,41.0
1786813255.7630177,100.0,15990.0,16376.0,97.64289203712751,3.2500752332229914,3505.35546875,30907.7109375,11.341362276353468,65.52,39.0
1786813256.8090224,100.0,15986.0,16376.0,97.61846604787495,3.3694344163658245,3503.98046875,30907.7109375,11.33691354832317,73.25,39.0
1786813257.8406658,100.0,15986.0,16376.0,97.61846604787495,3.254702896386981,3493.69140625,30907.7109375,11.303623918687363,65.38,39.0
1786813258.8848069,100.0,15990.0,16376.0,97.64289203712751,3.2394792612776264,3479.078125,30907.7109375,11.256343544933543,72.84,39.0
1786813259.9184842,100.0,15990.0,16376.0,97.64289203712751,3.1446540880503147,3482.00390625,30907.7109375,11.265809730429831,65.32,39.0
1786813260.9584563,99.0,15986.0,16376.0,97.61846604787495,3.204353083434099,3488.73828125,30907.7109375,11.287598387032768,72.52,39.0
1786813261.9990737,100.0,15981.0,16376.0,97.58793356130924,3.244217482727546,3493.83984375,30907.7109375,11.304104179099724,65.44,39.0
1786813263.0337045,100.0,15985.0,16376.0,97.6123595505618,3.302311618132693,3492.1640625,30907.7109375,11.2986822918128,73.49,39.0
1786813264.079511,100.0,15985.0,16376.0,97.6123595505618,3.2920567804288736,3490.6484375,30907.7109375,11.293778580233948,66.51,39.0
1786813265.1094005,98.0,15981.0,16376.0,97.58793356130924,3.1968927397669553,3489.22265625,30907.7109375,11.289165552588894,72.89,39.0
1786813266.144778,100.0,15981.0,16376.0,97.58793356130924,3.337378640776699,3489.28125,30907.7109375,11.289355129067458,67.1,39.0
1786813267.1749878,100.0,15985.0,16376.0,97.6123595505618,3.558504221954162,3489.43359375,30907.7109375,11.289848027911724,66.67,39.0
1786813268.2208195,100.0,15985.0,16376.0,97.6123595505618,3.1856796116504853,3487.0078125,30907.7109375,11.28199956169918,67.1,39.0
1786813269.259458,100.0,15981.0,16376.0,97.58793356130924,3.2556750298685784,3484.359375,30907.7109375,11.273430704868098,65.68,39.0
1786813270.2946906,100.0,15981.0,16376.0,97.58793356130924,3.2481203007518795,3477.80859375,30907.7109375,11.25223605456466,72.81,39.0
1786813271.3243313,100.0,15985.0,16376.0,97.6123595505618,3.170289855072464,3478.91796875,30907.7109375,11.25582536922547,65.9,39.0
1786813272.3777997,100.0,15985.0,16376.0,97.6123595505618,3.1876138433515484,3481.5234375,30907.7109375,11.264255203305606,72.53,39.0
1786813273.411196,100.0,15981.0,16376.0,97.58793356130924,3.202846975088968,3483.7890625,30907.7109375,11.271585493810075,65.98,39.0
1786813274.4476159,100.0,15981.0,16376.0,97.58793356130924,3.295042321644498,3481.40234375,30907.7109375,11.263863411916574,72.88,39.0
1786813275.4788709,100.0,15985.0,16376.0,97.6123595505618,3.1956587277660535,3478.84375,30907.7109375,11.255585239019288,65.61,39.0
1786813276.5119333,100.0,15985.0,16376.0,97.6123595505618,3.420096852300242,3479.5078125,30907.7109375,11.25773377244301,72.48,39.0
1786813277.5431044,100.0,15985.0,16376.0,97.6123595505618,3.206291591046582,3482.45703125,30907.7109375,11.267275788530725,65.47,39.0
1786813278.5753055,100.0,15985.0,16376.0,97.6123595505618,3.2414419872765827,3487.1953125,30907.7109375,11.282606206430586,72.44,39.0
1786813279.6056287,100.0,15985.0,16376.0,97.6123595505618,3.178928247048138,3481.18359375,30907.7109375,11.263155659729938,65.53,39.0
1786813280.6430688,100.0,15981.0,16376.0,97.58793356130924,3.2150439793751895,3481.2734375,30907.7109375,11.263446343663734,72.66,39.0
1786813281.6770475,100.0,15981.0,16376.0,97.58793356130924,3.4929238181270703,3492.27734375,30907.7109375,11.299048806338021,65.53,39.0
1786813282.7077022,100.0,15985.0,16376.0,97.6123595505618,3.2628398791540785,3496.28515625,30907.7109375,11.312015837471789,72.86,40.0
1786813283.738601,100.0,15985.0,16376.0,97.6123595505618,3.1553398058252426,3491.05859375,30907.7109375,11.295105615583894,65.44,39.0
1786813284.772948,100.0,15981.0,16376.0,97.58793356130924,3.212121212121212,3495.27734375,30907.7109375,11.30875512204049,72.91,43.0
1786813285.8152592,100.0,15981.0,16376.0,97.58793356130924,3.2316520688613712,3497.66796875,30907.7109375,11.316489842365893,65.42,39.0
1786813286.8482904,100.0,15985.0,16376.0,97.6123595505618,3.2683658170914542,3505.55859375,30907.7109375,11.34201947481249,73.07,39.0
1786813287.9023144,100.0,15985.0,16376.0,97.6123595505618,3.206291591046582,3507.32421875,30907.7109375,11.347732046033213,65.51,39.0
1786813288.9351892,100.0,15981.0,16376.0,97.58793356130924,3.2018974206937445,3508.63671875,30907.7109375,11.351978559153043,73.14,39.0
1786813289.9822211,100.0,15981.0,16376.0,97.58793356130924,3.235560931357726,3509.5546875,30907.7109375,11.354948590650544,65.51,39.0
1786813291.0191107,100.0,15985.0,16376.0,97.6123595505618,3.2527603700387946,3511.6484375,30907.7109375,11.361722790151225,73.28,39.0
1786813292.0743878,100.0,15985.0,16376.0,97.6123595505618,3.194695599758891,3510.9765625,30907.7109375,11.35954897986369,65.55,39.0
1786813293.1095967,100.0,15981.0,16376.0,97.58793356130924,3.226761397276495,3511.2109375,30907.7109375,11.360307285777948,72.94,42.0
1786813294.1561294,100.0,15981.0,16376.0,97.58793356130924,3.257918552036199,3507.33984375,30907.7109375,11.34778259976083,65.43,39.0
1786813295.1909466,100.0,15985.0,16376.0,97.6123595505618,3.1380753138075312,3502.171875,30907.7109375,11.331061954351501,72.91,39.0
1786813296.2242212,100.0,15985.0,16376.0,97.6123595505618,3.3504376697856926,3500.12109375,30907.7109375,11.324426777601767,65.47,39.0
1786813297.2664888,99.0,15981.0,16376.0,97.58793356130924,3.5649546827794563,3503.49609375,30907.7109375,11.335346382767044,72.54,39.0
1786813298.2984588,100.0,15981.0,16376.0,97.58793356130924,3.207434052757794,3496.1640625,30907.7109375,11.311624046082756,65.75,39.0
1786813299.3290267,98.0,15985.0,16376.0,97.6123595505618,3.238498789346247,3493.734375,30907.7109375,11.30376294143831,72.67,40.0
1786813300.3677127,100.0,15985.0,16376.0,97.6123595505618,3.2434070930585026,3492.6015625,30907.7109375,11.300097796186074,66.74,39.0
1786813301.3972955,99.0,15981.0,16376.0,97.58793356130924,3.1889290012033693,3492.14453125,30907.7109375,11.298619099653278,72.74,41.0
1786813302.4332306,100.0,15981.0,16376.0,97.58793356130924,3.2169954476479514,3484.6875,30907.7109375,11.274492333148054,66.9,39.0
1786813303.4657567,98.0,15985.0,16376.0,97.6123595505618,3.226779252110977,3488.41796875,30907.7109375,11.286562035616617,71.29,39.0
1786813304.499916,100.0,15985.0,16376.0,97.6123595505618,3.2697547683923704,3488.59375,30907.7109375,11.287130765052309,67.09,39.0
1786813305.5322137,99.0,15981.0,16376.0,97.58793356130924,3.264812575574365,3489.87890625,30907.7109375,11.29128880914881,71.31,39.0
1786813306.5683033,100.0,15985.0,16376.0,97.6123595505618,3.474320241691843,3490.05078125,30907.7109375,11.291844900152597,71.87,39.0
1786813307.5986505,93.0,15985.0,16376.0,97.6123595505618,3.315250150693189,3492.18359375,30907.7109375,11.29874548397232,71.93,39.0
1786813308.6365435,100.0,15981.0,16376.0,97.58793356130924,3.2150439793751895,3492.94140625,30907.7109375,11.301197339761746,68.16,39.0
1786813309.6668174,98.0,15981.0,16376.0,97.58793356130924,3.2500752332229914,3492.0703125,30907.7109375,11.298378969447096,71.24,39.0
1786813310.6993425,100.0,15985.0,16376.0,97.6123595505618,3.245374582954201,3494.34375,30907.7109375,11.305734536815374,66.87,39.0
1786813311.7328522,100.0,15985.0,16376.0,97.6123595505618,3.479576399394856,3496.21484375,30907.7109375,11.311788345697511,70.79,39.0
1786813312.7735317,100.0,15981.0,16376.0,97.58793356130924,3.234582829504232,3499.93359375,30907.7109375,11.323820132870361,66.8,39.0
1786813313.8029218,98.0,15981.0,16376.0,97.58793356130924,3.1841393811955543,3498.92578125,30907.7109375,11.320559417439064,70.88,39.0
1786813314.8586228,100.0,15985.0,16376.0,97.6123595505618,3.1876138433515484,3503.5546875,30907.7109375,11.335535959245608,72.55,39.0
1786813315.8875442,100.0,15985.0,16376.0,97.6123595505618,3.197158081705151,3506.37109375,30907.7109375,11.344648268648575,71.4,39.0
1786813316.9283686,100.0,15981.0,16376.0,97.58793356130924,3.250303766707169,3507.50390625,30907.7109375,11.34831341390081,72.97,39.0
1786813317.957148,100.0,15981.0,16376.0,97.58793356130924,3.241296518607443,3506.42578125,30907.7109375,11.344825206695235,68.25,39.0
1786813319.0085263,100.0,15985.0,16376.0,97.6123595505618,3.18955042527339,3496.1015625,30907.7109375,11.311421831172288,67.24,39.0
1786813320.042327,100.0,15985.0,16376.0,97.6123595505618,3.267003267003267,3496.05859375,30907.7109375,11.31128280842134,65.94,39.0
1786813321.0816846,100.0,15981.0,16376.0,97.58793356130924,3.1750831569398246,3496.39453125,30907.7109375,11.312369713565108,73.01,39.0
1786813322.1109588,100.0,15981.0,16376.0,97.58793356130924,3.2451923076923075,3496.6640625,30907.7109375,11.3132417653665,68.55,39.0
1786813323.161848,100.0,15985.0,16376.0,97.6123595505618,3.1885818402672337,3498.2890625,30907.7109375,11.318499353038671,72.74,39.0
1786813324.1953874,93.0,15985.0,16376.0,97.6123595505618,3.2986627043090637,3493.7578125,30907.7109375,11.303838772029735,71.41,39.0
1786813325.2444847,100.0,15981.0,16376.0,97.58793356130924,3.146747352496218,3495.2890625,30907.7109375,11.308793037336203,72.96,39.0
1786813326.274923,100.0,15981.0,16376.0,97.58793356130924,3.364096457278952,3497.62109375,30907.7109375,11.316338181183044,70.98,39.0
1786813327.3104148,100.0,15985.0,16376.0,97.6123595505618,3.5443804907603758,3492.765625,30907.7109375,11.300628610326054,67.88,39.0
1786813328.34652,100.0,15985.0,16376.0,97.6123595505618,3.1995170540295805,3498.35546875,30907.7109375,11.318714206381044,65.9,39.0
1786813329.379998,100.0,15985.0,16376.0,97.6123595505618,3.1966224366706877,3496.13671875,30907.7109375,11.311535577059425,73.43,39.0
1786813330.4091773,100.0,15981.0,16376.0,97.58793356130924,3.234582829504232,3491.546875,30907.7109375,11.296685419571926,66.03,39.0
1786813331.4585946,100.0,15985.0,16376.0,97.6123595505618,3.1885818402672337,3488.6796875,30907.7109375,11.287408810554203,72.95,39.0
1786813332.4950118,100.0,15985.0,16376.0,97.6123595505618,3.19621189701095,3489.62890625,30907.7109375,11.290479949506938,70.51,39.0
1786813333.5292952,100.0,15981.0,16376.0,97.58793356130924,3.1866464339908953,3478.87109375,30907.7109375,11.255673708042618,68.02,39.0
1786813334.5608244,100.0,15985.0,16376.0,97.6123595505618,3.202416918429003,3484.3828125,30907.7109375,11.273506535459523,65.64,39.0
1786813335.6154232,100.0,15985.0,16376.0,97.6123595505618,3.210175651120533,3482.89453125,30907.7109375,11.268691292904002,67.47,39.0
1786813336.6452742,100.0,15981.0,16376.0,97.58793356130924,3.2898636633076466,3478.0546875,30907.7109375,11.253032275774629,65.86,39.0
1786813337.6972854,100.0,15981.0,16376.0,97.58793356130924,3.2747119466343237,3479.0390625,30907.7109375,11.2562171606145,67.33,39.0
1786813338.7266374,100.0,15985.0,16376.0,97.6123595505618,3.293768545994065,3485.3828125,30907.7109375,11.276741974027011,68.36,39.0
1786813339.7628047,100.0,15985.0,16376.0,97.6123595505618,3.1582143941694505,3489.15234375,30907.7109375,11.288938060814619,72.92,39.0
1786813340.791584,94.0,15981.0,16376.0,97.58793356130924,3.2277526395173455,3494.54296875,30907.7109375,11.30637909684249,69.46,39.0
1786813341.8315887,100.0,15981.0,16376.0,97.58793356130924,3.3454987834549876,3493.9921875,30907.7109375,11.30459707794399,73.26,39.0
1786813342.8625274,100.0,15985.0,16376.0,97.6123595505618,3.215144230769231,3498.37890625,30907.7109375,11.31879003697247,66.03,39.0
1786813343.9072866,100.0,15985.0,16376.0,97.6123595505618,3.212121212121212,3498.69140625,30907.7109375,11.319801111524809,73.23,40.0
1786813344.941811,100.0,15981.0,16376.0,97.58793356130924,3.200717918037691,3489.34375,30907.7109375,11.289557343977927,65.76,39.0
1786813345.9753692,100.0,15981.0,16376.0,97.58793356130924,3.202416918429003,3493.82421875,30907.7109375,11.304053625372108,73.53,44.0
1786813347.0093777,100.0,15985.0,16376.0,97.6123595505618,3.586497890295359,3482.0859375,30907.7109375,11.26607513749982,65.46,39.0
1786813348.0515058,100.0,15985.0,16376.0,97.6123595505618,3.203384708371109,3489.1875,30907.7109375,11.289051806701755,73.56,39.0
1786813349.0967078,100.0,15981.0,16376.0,97.58793356130924,3.2083958020989507,3486.48046875,30907.7109375,11.280293373392107,65.73,39.0
1786813350.1489105,100.0,15981.0,16376.0,97.58793356130924,3.2277346084877467,3489.6875,30907.7109375,11.2906695259855,74.19,40.0
1786813351.19459,100.0,15985.0,16376.0,97.6123595505618,3.2076032076032077,3486.2734375,30907.7109375,11.279623536501182,65.83,39.0
1786813352.2361572,100.0,15985.0,16376.0,97.6123595505618,3.1978481769276748,3478.73828125,30907.7109375,11.255244001357873,74.07,39.0
1786813353.2722483,100.0,15981.0,16376.0,97.58793356130924,3.2093581283743253,3480.32421875,30907.7109375,11.260375204711002,65.65,39.0
1786813354.3093338,100.0,15981.0,16376.0,97.58793356130924,3.197586726998492,3483.28515625,30907.7109375,11.269955136094428,73.62,39.0
1786813355.3514683,100.0,15985.0,16376.0,97.6123595505618,3.253012048192771,3481.5703125,30907.7109375,11.264406864488457,66.0,39.0
1786813356.3803508,100.0,15985.0,16376.0,97.6123595505618,3.2983508245877062,3480.32421875,30907.7109375,11.260375204711002,73.53,40.0
1786813357.4120586,100.0,15981.0,16376.0,97.58793356130924,3.695849742502272,3485.42578125,30907.7109375,11.276880996777958,65.75,39.0
1786813358.4480062,100.0,15981.0,16376.0,97.58793356130924,3.3575317604355717,3481.78515625,30907.7109375,11.265101978243191,66.09,39.0
1786813359.476541,78.0,15985.0,16376.0,97.6123595505618,3.461770018061409,3485.37890625,30907.7109375,11.276729335595107,149.28,42.0
1786813360.506933,76.0,15985.0,16376.0,97.6123595505618,3.4890776699029127,3485.64453125,30907.7109375,11.277588748964597,127.44,42.0
1786813361.5365958,77.0,15981.0,16376.0,97.58793356130924,3.6027853466545565,3492.8828125,30907.7109375,11.301007763283181,125.49,43.0
1786813362.5664022,73.0,15985.0,16376.0,97.6123595505618,3.779860901118839,3493.03125,30907.7109375,11.301488023695542,128.19,43.0
1786813363.597287,73.0,15985.0,16376.0,97.6123595505618,3.4294385432473447,3506.9296875,30907.7109375,11.346455564410883,126.68,43.0
1786813364.6263618,76.0,15981.0,16376.0,97.58793356130924,3.514086640411996,3506.88671875,30907.7109375,11.346316541659936,128.19,43.0
1786813365.685341,94.0,15981.0,16376.0,97.58793356130924,3.430479659987857,3489.8515625,30907.7109375,11.29120034012548,147.7,48.0
1786813366.7259336,100.0,15985.0,16376.0,97.6123595505618,3.4472598703594577,3487.75,30907.7109375,11.28440086376099,67.35,39.0
1786813367.7582562,100.0,15985.0,16376.0,97.6123595505618,3.2132132132132134,3497.24609375,30907.7109375,11.315124891720235,72.7,39.0
1786813368.792279,100.0,15981.0,16376.0,97.58793356130924,3.178928247048138,3500.46875,30907.7109375,11.325551598041244,66.51,39.0
1786813369.8220348,98.0,15981.0,16376.0,97.58793356130924,3.203384708371109,3504.48046875,30907.7109375,11.338531267606916,71.32,39.0
1786813370.8559198,100.0,15985.0,16376.0,97.6123595505618,3.3353547604608855,3500.5234375,30907.7109375,11.325728536087905,67.9,39.0
1786813371.912902,100.0,15985.0,16376.0,97.6123595505618,3.38777979431337,3482.92578125,30907.7109375,11.268792400359235,66.35,39.0
1786813372.967788,100.0,15981.0,16376.0,97.58793356130924,3.3372711163614883,3488.21484375,30907.7109375,11.285904837157597,68.14,39.0
1786813374.0022876,100.0,15981.0,16376.0,97.58793356130924,3.287914691943128,3491.85546875,30907.7109375,11.297683855692362,66.27,39.0
1786813375.0571668,100.0,15985.0,16376.0,97.6123595505618,3.2638259292837715,3484.79296875,30907.7109375,11.274833570809468,74.14,39.0
1786813376.0882738,100.0,15985.0,16376.0,97.6123595505618,3.257328990228013,3493.234375,30907.7109375,11.302145222154564,66.35,39.0
1786813377.1311562,100.0,15981.0,16376.0,97.58793356130924,3.449319213313162,3482.46875,30907.7109375,11.267313703826437,73.26,39.0
1786813378.1611447,100.0,15981.0,16376.0,97.58793356130924,3.234501347708895,3485.90625,30907.7109375,11.278435523902182,66.07,39.0
1786813379.1946769,100.0,15985.0,16376.0,97.6123595505618,3.1866464339908953,3487.57421875,30907.7109375,11.283832134325298,73.81,39.0
1786813380.2310667,100.0,15985.0,16376.0,97.6123595505618,3.2053220441487755,3486.2421875,30907.7109375,11.279522429045947,65.98,39.0
1786813381.2643151,100.0,15981.0,16376.0,97.58793356130924,3.253992166315155,3484.10546875,30907.7109375,11.27260920679432,74.2,40.0
1786813382.3016002,100.0,15981.0,16376.0,97.58793356130924,3.177004538577912,3480.50390625,30907.7109375,11.260956572578596,65.87,39.0
1786813383.3476982,100.0,15985.0,16376.0,97.6123595505618,3.253012048192771,3481.4453125,30907.7109375,11.264002434667523,73.7,39.0
1786813384.3847277,100.0,15985.0,16376.0,97.6123595505618,3.254702896386981,3485.39453125,30907.7109375,11.276779889322725,65.73,39.0
1786813385.4253137,100.0,15981.0,16376.0,97.58793356130924,3.2228915662650603,3488.67578125,30907.7109375,11.287396172122298,73.67,39.0
1786813386.4575052,100.0,15981.0,16376.0,97.58793356130924,3.3333333333333335,3486.8828125,30907.7109375,11.281595131878246,65.89,39.0
1786813387.489974,98.0,15985.0,16376.0,97.6123595505618,3.4806295399515736,3488.80078125,30907.7109375,11.287800601943236,73.77,41.0
1786813388.5425816,100.0,15985.0,16376.0,97.6123595505618,3.178928247048138,3485.69140625,30907.7109375,11.277740410147448,66.74,39.0
1786813389.5741675,100.0,15981.0,16376.0,97.58793356130924,3.176959619952494,3483.1796875,30907.7109375,11.269613898433011,73.56,39.0
1786813390.6152325,100.0,15985.0,16376.0,97.6123595505618,3.2111481369282036,3484.98046875,30907.7109375,11.275440215540874,67.43,39.0
1786813391.6445777,98.0,15985.0,16376.0,97.6123595505618,3.211284513805522,3492.08203125,30907.7109375,11.29841688474281,72.22,39.0
1786813392.6767957,100.0,15981.0,16376.0,97.58793356130924,3.2473444613050075,3493.47265625,30907.7109375,11.302916166500724,66.53,39.0
1786813393.7067306,100.0,15981.0,16376.0,97.58793356130924,3.208232445520581,3496.3515625,30907.7109375,11.31223069081416,71.9,39.0
1786813394.7394433,100.0,15985.0,16376.0,97.6123595505618,3.216019417475728,3493.98828125,30907.7109375,11.304584439512086,73.4,39.0
1786813395.767952,98.0,15985.0,16376.0,97.6123595505618,3.23653962492438,3494.2421875,30907.7109375,11.305405937585862,71.67,39.0
1786813396.8015614,100.0,15981.0,16376.0,97.58793356130924,3.4869617950272893,3485.390625,30907.7109375,11.276767250890819,67.99,39.0
1786813397.833208,100.0,15981.0,16376.0,97.58793356130924,3.204353083434099,3486.8203125,30907.7109375,11.281392916967778,66.51,39.0
1786813398.8734715,100.0,15985.0,16376.0,97.6123595505618,3.1808542865798244,3472.94921875,30907.7109375,11.236513845275766,73.39,39.0
1786813399.903828,100.0,15985.0,16376.0,97.6123595505618,3.1850961538461537,3470.1875,30907.7109375,11.227578473919458,66.6,39.0
1786813400.9474256,100.0,15981.0,16376.0,97.58793356130924,3.2747119466343237,3473.265625,30907.7109375,11.237537558260012,69.04,39.0
1786813402.0244498,100.0,15981.0,16376.0,97.58793356130924,3.413173652694611,3469.16796875,30907.7109375,11.224279843192447,66.7,39.0
1786813403.0712512,100.0,15985.0,16376.0,97.6123595505618,3.2782129387873513,3473.77734375,30907.7109375,11.239193192839469,68.71,39.0
1786813404.1142874,100.0,15985.0,16376.0,97.6123595505618,3.1940298507462686,3480.30078125,30907.7109375,11.260299374119576,66.38,39.0
1786813405.157891,100.0,15981.0,16376.0,97.58793356130924,3.205512282804074,3485.328125,30907.7109375,11.27656503598035,73.99,39.0
1786813406.1875625,100.0,15981.0,16376.0,97.58793356130924,3.1755542240862793,3481.796875,30907.7109375,11.265139893538905,66.21,39.0
1786813407.2407072,100.0,15985.0,16376.0,97.6123595505618,3.5703479576399393,3481.42578125,30907.7109375,11.263939242508,73.2,39.0
1786813408.2707825,100.0,15985.0,16376.0,97.6123595505618,3.262158956109134,3488.33203125,30907.7109375,11.286283990114725,66.46,39.0
1786813409.3051453,100.0,15981.0,16376.0,97.58793356130924,3.1856796116504853,3494.1328125,30907.7109375,11.305052061492542,73.23,39.0
1786813410.3341894,100.0,15981.0,16376.0,97.58793356130924,3.260869565217391,3486.46484375,30907.7109375,11.28024281966449,66.38,39.0
1786813411.3732214,100.0,15985.0,16376.0,97.6123595505618,3.1885818402672337,3488.03515625,30907.7109375,11.28532346929,73.03,39.0
1786813412.401558,100.0,15985.0,16376.0,97.6123595505618,3.2461677186654643,3486.40234375,30907.7109375,11.28004060475402,66.21,39.0
1786813413.4333186,100.0,15984.0,16376.0,97.60625305324866,3.250303766707169,3483.671875,30907.7109375,11.271206340852947,73.19,39.0
1786813414.4762437,100.0,15987.0,16376.0,97.62457254518809,3.2394792612776264,3481.9765625,30907.7109375,11.265721261406501,65.8,39.0
1786813415.5168931,100.0,15982.0,16376.0,97.59404005862238,3.1774580335731413,3479.8984375,30907.7109375,11.258997615633437,73.35,39.0
1786813416.5653856,100.0,15982.0,16376.0,97.59404005862238,3.361344537815126,3480.86328125,30907.7109375,11.262119308313787,65.64,39.0
1786813417.6296358,100.0,15978.0,16376.0,97.56961406936982,3.572491813039595,3488.37109375,30907.7109375,11.286410374433768,73.69,40.0
1786813418.6684382,100.0,15982.0,16376.0,97.59404005862238,3.171806167400881,3492.734375,30907.7109375,11.300527502870821,65.75,39.0
1786813419.7006407,100.0,15969.0,16376.0,97.51465559355154,3.218045112781955,3490.44921875,30907.7109375,11.293134020206832,73.28,44.0
1786813420.7410505,100.0,15965.0,16376.0,97.49022960429897,3.2092037541628824,3492.59765625,30907.7109375,11.300085157754172,65.96,39.0
1786813421.784881,100.0,15965.0,16376.0,97.49022960429897,3.2132132132132134,3495.3828125,30907.7109375,11.309096359701904,73.57,39.0
1786813422.8412971,100.0,15969.0,16376.0,97.51465559355154,3.2325651002693805,3494.41015625,30907.7109375,11.305949390157744,65.92,39.0
1786813423.8720374,99.0,15969.0,16376.0,97.51465559355154,3.195266272189349,3491.890625,30907.7109375,11.297797601579502,73.31,39.0
1786813424.9042094,100.0,15965.0,16376.0,97.49022960429897,3.154382772217167,3490.75390625,30907.7109375,11.294119817895362,66.22,39.0
1786813425.9497945,100.0,15965.0,16376.0,97.49022960429897,3.2970356926799758,3493.203125,30907.7109375,11.302044114699331,73.12,39.0
1786813426.9907768,100.0,15969.0,16376.0,97.51465559355154,3.2576210400478183,3500.15625,30907.7109375,11.324540523488904,65.95,39.0
1786813428.035221,98.0,15969.0,16376.0,97.51465559355154,3.1831831831831834,3498.0859375,30907.7109375,11.31784215457965,72.49,44.0
1786813429.0729651,100.0,15965.0,16376.0,97.49022960429897,3.1717534410532617,3498.70703125,30907.7109375,11.319851665252425,65.78,39.0
1786813430.1118748,98.0,15965.0,16376.0,97.49022960429897,3.22192110809997,3494.6875,30907.7109375,11.306846718822948,73.05,39.0
1786813431.1463094,100.0,15969.0,16376.0,97.51465559355154,3.1588447653429603,3498.3125,30907.7109375,11.318575183630095,65.86,39.0
1786813432.1857882,100.0,15969.0,16376.0,97.51465559355154,3.5628019323671496,3492.20703125,30907.7109375,11.298821314563746,73.05,39.0
1786813433.2323995,100.0,15964.0,16376.0,97.48412310698583,3.1870114251352977,3484.62890625,30907.7109375,11.27430275666949,66.83,39.0
1786813434.2641969,94.0,15964.0,16376.0,97.48412310698583,3.2816229116945106,3482.97265625,30907.7109375,11.268944061542086,73.88,39.0
1786813435.3109083,100.0,15968.0,16376.0,97.5085490962384,3.2111481369282036,3498.4765625,30907.7109375,11.319105997770075,66.96,39.0
1786813436.3424485,98.0,15968.0,16376.0,97.5085490962384,3.222918531781558,3502.98046875,30907.7109375,11.333678109755681,71.77,41.0
1786813437.3740847,100.0,15964.0,16376.0,97.48412310698583,3.5358114233907525,3506.43359375,30907.7109375,11.344850483559043,70.96,39.0
1786813438.4027796,100.0,15964.0,16376.0,97.48412310698583,3.210175651120533,3506.390625,30907.7109375,11.344711460808096,65.96,39.0
1786813439.4467573,100.0,15968.0,16376.0,97.5085490962384,3.18955042527339,3506.2890625,30907.7109375,11.344382861578586,69.72,39.0
1786813440.4775677,100.0,15968.0,16376.0,97.5085490962384,3.1746031746031744,3506.6875,30907.7109375,11.345671981632819,65.91,39.0
1786813441.5256338,100.0,15982.0,16376.0,97.59404005862238,3.242424242424242,3512.81640625,30907.7109375,11.365501681290596,73.49,39.0
1786813442.560958,100.0,15982.0,16376.0,97.59404005862238,3.1902206320810973,3514.51953125,30907.7109375,11.37101203760085,65.69,39.0
1786813443.622058,100.0,15986.0,16376.0,97.61846604787495,3.258901629450815,3510.21875,30907.7109375,11.357097124074267,73.23,39.0
1786813444.6513245,100.0,15982.0,16376.0,97.59404005862238,3.1811487481590572,3509.73046875,30907.7109375,11.355517320086236,66.06,39.0
1786813445.682469,100.0,15982.0,16376.0,97.59404005862238,3.217972070431087,3493.8359375,30907.7109375,11.30409154066782,73.59,39.0
1786813446.71145,100.0,15986.0,16376.0,97.61846604787495,3.304031524704456,3495.34765625,30907.7109375,11.308982613814766,65.98,39.0
1786813447.745872,100.0,15986.0,16376.0,97.61846604787495,3.5779260157671318,3507.44921875,30907.7109375,11.34813647585415,72.76,39.0
1786813448.7758174,100.0,15982.0,16376.0,97.59404005862238,3.2306763285024154,3505.58984375,30907.7109375,11.342120582267725,65.91,39.0
1786813449.8170695,100.0,15982.0,16376.0,97.59404005862238,3.1876138433515484,3502.91015625,30907.7109375,11.333450617981406,73.0,40.0
1786813450.8455977,100.0,15986.0,16376.0,97.61846604787495,3.1812725090036014,3510.5390625,30907.7109375,11.358133475490416,66.09,39.0
1786813451.8756332,100.0,15986.0,16376.0,97.61846604787495,3.221884498480243,3506.5,30907.7109375,11.345065336901415,73.43,41.0
1786813452.908965,100.0,15982.0,16376.0,97.59404005862238,3.1856796116504853,3498.046875,30907.7109375,11.317715770260607,65.65,39.0
1786813453.939891,100.0,15982.0,16376.0,97.59404005862238,3.2053220441487755,3501.484375,30907.7109375,11.328837590336352,73.41,41.0
1786813454.9754467,100.0,15986.0,16376.0,97.61846604787495,3.1837477258944813,3499.12890625,30907.7109375,11.321216615898086,65.6,39.0
1786813456.0202963,100.0,15986.0,16376.0,97.61846604787495,3.1985515992758,3502.875,30907.7109375,11.333336872094266,73.16,39.0
1786813457.0543826,100.0,15982.0,16376.0,97.59404005862238,3.4338608539862645,3503.72265625,30907.7109375,11.33607941181749,65.71,39.0
1786813458.08798,100.0,15982.0,16376.0,97.59404005862238,3.2326283987915407,3501.66796875,30907.7109375,11.329431596635851,72.91,39.0
1786813459.1162086,100.0,15986.0,16376.0,97.61846604787495,3.203384708371109,3498.171875,30907.7109375,11.318120200081543,65.59,39.0
1786813460.1549525,100.0,15986.0,16376.0,97.61846604787495,3.2209054998480706,3497.54296875,30907.7109375,11.31608541254496,73.56,40.0
1786813461.195571,100.0,15982.0,16376.0,97.59404005862238,3.2190132370637787,3492.14453125,30907.7109375,11.298619099653278,65.68,39.0
1786813462.2809856,100.0,15982.0,16376.0,97.59404005862238,3.5392921415716856,3495.08203125,30907.7109375,11.308123200445278,73.42,40.0
1786813463.3166757,100.0,15986.0,16376.0,97.61846604787495,3.226735811005474,3494.08984375,30907.7109375,11.304913038741596,65.83,39.0
1786813464.3459628,100.0,15986.0,16376.0,97.61846604787495,3.2277526395173455,3485.4296875,30907.7109375,11.276893635209863,73.55,39.0
1786813465.375538,100.0,15982.0,16376.0,97.59404005862238,3.1885818402672337,3485.5,30907.7109375,11.27712112698414,66.03,39.0
1786813466.4113245,100.0,15982.0,16376.0,97.59404005862238,3.1876138433515484,3479.6640625,30907.7109375,11.258239309719182,73.57,39.0
1786813467.441459,100.0,15986.0,16376.0,97.61846604787495,3.2880844645550527,3478.80859375,30907.7109375,11.255471493132148,66.33,39.0
1786813468.47347,100.0,15986.0,16376.0,97.61846604787495,3.1866464339908953,3483.625,30907.7109375,11.271054679670096,73.88,39.0
1786813469.5322251,100.0,15982.0,16376.0,97.59404005862238,3.238498789346247,3478.71484375,30907.7109375,11.255168170766447,66.03,39.0
1786813470.5640361,100.0,15986.0,16376.0,97.61846604787495,3.2162879905576864,3485.28125,30907.7109375,11.2764133747975,74.09,40.0
1786813471.621528,100.0,15986.0,16376.0,97.61846604787495,3.1808542865798244,3483.7578125,30907.7109375,11.27148438635484,65.58,39.0
1786813472.6519182,100.0,15982.0,16376.0,97.59404005862238,3.2496307237813884,3485.53125,30907.7109375,11.277222234439373,74.33,40.0
1786813473.6830602,100.0,15982.0,16376.0,97.59404005862238,3.125948406676783,3482.03125,30907.7109375,11.26589819945316,65.72,39.0
1786813474.742364,100.0,15986.0,16376.0,97.61846604787495,3.2707450030284675,3483.03515625,30907.7109375,11.269146276452554,73.64,39.0
1786813475.791313,100.0,15986.0,16376.0,97.61846604787495,3.1582054309327035,3485.72265625,30907.7109375,11.277841517602681,65.91,39.0
1786813476.8331537,98.0,15982.0,16376.0,97.59404005862238,3.3650982727814176,3490.69921875,30907.7109375,11.293942879848704,73.61,39.0
1786813477.8808734,100.0,15982.0,16376.0,97.59404005862238,3.621670158635139,3494.1875,30907.7109375,11.305228999539203,66.7,39.0
1786813478.9175625,100.0,15986.0,16376.0,97.61846604787495,3.2209961228750372,3490.21875,30907.7109375,11.29238835272448,66.33,39.0
1786813479.9737797,100.0,15986.0,16376.0,97.61846604787495,3.1372549019607843,3492.51171875,30907.7109375,11.299807112252278,67.6,39.0
1786813481.0184672,100.0,15982.0,16376.0,97.59404005862238,3.1666173424089967,3491.5,30907.7109375,11.296533758389076,66.36,39.0
1786813482.0703895,100.0,15982.0,16376.0,97.59404005862238,3.1717534410532617,3488.1875,30907.7109375,11.285816368134267,73.76,39.0
1786813483.1026583,100.0,15986.0,16376.0,97.61846604787495,3.1788472964943555,3490.03125,30907.7109375,11.291781707993074,66.35,39.0
1786813484.1343887,100.0,15986.0,16376.0,97.61846604787495,3.2677760968229954,3490.93359375,30907.7109375,11.294701185762959,74.07,39.0
1786813485.1697493,100.0,15982.0,16376.0,97.59404005862238,3.2394792612776264,3480.0625,30907.7109375,11.259528429773416,66.01,39.0
1786813486.2014158,86.0,15989.0,16376.0,97.63678553981437,3.258901629450815,3482.3125,30907.7109375,11.266808166550266,126.02,46.0
1786813487.2306364,77.0,15989.0,16376.0,97.63678553981437,3.4514078110808355,3487.078125,30907.7109375,11.282227053473457,125.72,42.0
1786813488.259845,75.0,15989.0,16376.0,97.63678553981437,3.4283980582524274,3487.0234375,30907.7109375,11.282050115426799,127.54,43.0
1786813489.2958965,75.0,15985.0,16376.0,97.6123595505618,3.3980582524271843,3491.25,30907.7109375,11.295724898747203,127.78,43.0
1786813490.3266988,72.0,15985.0,16376.0,97.6123595505618,3.290069423483248,3493.96875,30907.7109375,11.304521247352564,128.94,42.0
1786813491.3552835,77.0,15989.0,16376.0,97.63678553981437,3.4221683827983043,3489.74609375,30907.7109375,11.290859102464063,126.62,43.0
1786813492.3974779,58.0,15989.0,16376.0,97.63678553981437,3.613726085636198,3505.83203125,30907.7109375,11.342904165045788,121.51,42.0
1786813493.425296,2.0,15985.0,16376.0,97.6123595505618,2.2182254196642686,2712.16015625,30907.7109375,8.7750275707392,73.37,38.0
